time_s,y_px,y_mm
0.0,23.58079889660678,
0.006452493816982687,23.482138468642802,
0.012904987633965375,21.93444599016152,
0.019357481450948063,21.87189131660591,
0.02580997526793075,21.820664195315658,
0.03226246908491344,21.759941492660687,
0.038714962901896126,21.751297122495203,
0.04516745671887881,21.378701792585957,
0.0516199505358615,21.32791874912425,
0.058072444352844185,21.24541879809351,
0.06452493816982688,21.264981944351916,
0.07097743198680956,21.228011472161143,
0.07742992580379225,21.084411493580888,
0.08388241962077493,21.02587409826583,
0.09033491343775762,21.031649982726435,
0.0967874072547403,20.988819947051525,
0.103239901071723,20.473505522469054,
0.10969239488870569,20.35139570468766,
0.11614488870568837,20.340197381806547,
0.12259738252267106,20.61000206077199,
0.12904987633965376,21.829890438074358,
0.13550237015663644,21.393795565309688,
0.14195486397361912,19.89093719903883,
0.1484073577906018,19.812637745765187,
0.1548598516075845,22.43176992596466,
0.16131234542456718,21.924912986701884,
0.16776483924154986,21.960677346802754,
0.17421733305853257,22.036454873005482,
0.18066982687551525,21.99974309943582,
0.18712232069249793,20.58236276858736,
0.1935748145094806,20.612477853098767,
0.20002730832646332,22.146837824549834,
0.206479802143446,22.500300844620938,
0.21293229596042867,22.105729461404053,
0.21938478977741138,22.337193913223587,
0.22583728359439406,21.552408293487247,
0.23228977741137674,21.74318912455567,
0.23874227122835942,19.391632026774687,
0.24519476504534213,19.082227932911223,
0.2516472588623248,20.693514030366373,
0.2580997526793075,18.459144538868145,
0.26455224649629017,17.48357654700169,
0.2710047403132729,18.756044836312753,
0.2774572341302556,16.51339839005584,
0.28390972794723823,16.371040230566564,
0.29036222176422094,16.271636875202944,
0.2968147155812036,17.715760270766623,
0.3032672093981863,17.728920991360383,
0.309719703215169,16.134530534696182,
0.31617219703215166,17.8624915460249,
0.32262469084913437,17.4856471575755,
0.3290771846661171,17.817609096535648,
0.3355296784830997,16.154993938819985,
0.34198217230008243,18.006288113010328,
0.34843466611706514,18.248515745256896,
0.3548871599340478,16.63125832938806,
0.3613396537510305,17.989097766628106,
0.3677921475680132,16.24383658188799,
0.37424464138499586,15.953167180534706,
0.38069713520197856,15.31088330589398,
0.3871496290189612,15.038621860131911,
0.3936021228359439,16.155055015290486,
0.40005461665292663,14.010759272241444,
0.4065071104699093,13.86171118376717,
0.412959604286892,13.764798927599486,
0.4194120981038747,15.104129795429117,
0.42586459192085735,15.042896064311435,
0.43231708573784006,15.207344392313303,
0.43876957955482276,13.733483562635342,
0.4452220733718054,15.055317150794622,
0.4516745671887881,14.939302174374802,
0.45812706100577083,12.66458347154628,
0.4645795548227535,13.94833750177952,
0.4710320486397362,13.21096116742308,
0.47748454245671884,12.767623257394803,
0.48393703627370155,12.056989170656948,
0.49038953009068426,11.596157641753393,
0.4968420239076669,9.458887060065422,
0.5032945177246496,10.653914371507199,
0.5097470115416323,9.204985339916789,
0.516199505358615,10.76498092288739,
0.5226519991755977,9.207307792297911,
0.5291044929925803,9.098733189649124,
0.5355569868095631,9.155496225475417,
0.5420094806265457,9.101377013527895,
0.5484619744435284,9.235156889776931,
0.5549144682605112,11.231707972408799,
0.5613669620774938,11.537945690979882,
0.5678194558944765,11.96660474119119,
0.5742719497114592,10.986590431923673,
0.5807244435284419,13.437845686150922,
0.5871769373454245,13.995059232760354,
0.5936294311624072,14.58866446321315,
0.60008192497939,13.563286996612646,
0.6065344187963726,13.764575384182422,
0.6129869126133553,15.76024601213021,
0.619439406430338,14.55953621117635,
0.6258919002473207,16.906784109044906,
0.6323443940643033,17.27423100899125,
0.6387968878812861,17.76404243049467,
0.6452493816982687,18.244081377441603,
0.6517018755152514,18.390488032972485,
0.6581543693322341,18.913530110742954,
0.6646068631492168,19.353492826968477,
0.6710593569661994,19.880204991602,
0.6775118507831822,21.324739204596995,
0.6839643446001649,21.90056668432669,
0.6904168384171475,22.823814880126974,
0.6968693322341303,23.326881704897687,
0.7033218260511129,23.980505169727508,
0.7097743198680956,25.218342548938494,
0.7162268136850783,25.548740333514502,
0.722679307502061,24.771850007614944,
0.7291318013190436,23.012040967779626,
0.7355842951360264,24.3487997160712,
0.7420367889530091,23.274244384663348,
0.7484892827699917,22.244741768222298,
0.7549417765869745,21.75155135752607,
0.7613942704039571,20.480755231722583,
0.7678467642209398,19.963402737294587,
0.7742992580379224,18.9366320768753,
0.7807517518549052,16.872571718935433,
0.7872042456718878,17.943119819813887,
0.7936567394888705,17.009617221722124,
0.8001092333058533,16.451005754337075,
0.8065617271228359,15.719884528584203,
0.8130142209398186,14.740909830777468,
0.8194667147568013,13.889483684917195,
0.825919208573784,13.244715097927383,
0.8323717023907666,12.628940325599274,
0.8388241962077494,11.85249862760827,
0.845276690024732,11.514657811816392,
0.8517291838417147,11.408376010378902,
0.8581816776586975,10.864661351142672,
0.8646341714756801,10.207947701954367,
0.8710866652926628,9.372148543133903,
0.8775391591096455,9.133922816646873,
0.8839916529266282,8.083955711240947,
0.8904441467436108,7.605508126704876,
0.8968966405605936,7.175292892755692,
0.9033491343775762,5.263889785807351,
0.9098016281945589,5.388911092777789,
0.9162541220115417,5.3455673224351585,
0.9227066158285243,6.925815443331089,
0.929159109645507,7.584982352684847,
0.9356116034624896,6.201526333242896,
0.9420640972794724,6.913054234372908,
0.948516591096455,6.858014788402102,
0.9549690849134377,9.304375679753775,
0.9614215787304204,10.072897893282402,
0.9678740725474031,10.37024101851523,
0.9743265663643857,10.969910588210041,
0.9807790601813685,12.19556668980988,
0.9872315539983512,10.66990579936271,
0.9936840478153338,10.896724503953351,
1.0001365416323165,12.903624382467797,
1.0065890354492992,13.686560919642147,
1.013041529266282,13.872850032896054,
1.0194940230832645,13.809101154748646,
1.0259465169002473,11.608601218241233,
1.03239901071723,13.27046046088617,
1.0388515045342126,13.109164658779832,
1.0453039983511954,12.626613362078047,
1.0517564921681781,12.170380466852293,
1.0582089859851607,12.167048392754964,
1.0646614798021434,11.883939764552338,
1.0711139736191262,11.775264925174838,
1.0775664674361087,11.820982870503826,
1.0840189612530915,11.984600929986641,
1.0904714550700743,10.336977013167598,
1.0969239488870568,11.157889729713474,
1.1033764427040396,13.662019650052912,
1.1098289365210223,14.216283137748974,
1.1162814303380049,14.624002796039917,
1.1227339241549876,15.153836769448503,
1.1291864179719704,15.722320238791895,
1.135638911788953,16.344263760407216,
1.1420914056059357,16.554148648744558,
1.1485438994229185,17.078258798467232,
1.154996393239901,15.742364621929482,
1.1614488870568838,17.838943250446732,
1.1679013808738665,16.52093056584056,
1.174353874690849,18.487835262179146,
1.1808063685078318,17.41888016300345,
1.1872588623248144,18.29279840664458,
1.1937113561417971,18.607317634956758,
1.20016384995878,21.35691238017546,
1.2066163437757624,21.637405817146487,
1.2130688375927452,20.612747104455025,
1.219521331409728,23.049967413582863,
1.2259738252267105,23.1738470932072,
1.2324263190436933,21.458954022245393,
1.238878812860676,23.25750636417797,
1.2453313066776586,22.93943814015131,
1.2517838004946413,22.470379078857263,
1.258236294311624,22.17582117187419,
1.2646887881286066,22.202459570466203,
1.2711412819455894,22.083856276505344,
1.2775937757625722,22.033673558372925,
1.2840462695795547,21.55371143037962,
1.2904987633965375,21.08381564497006,
1.2969512572135202,20.91325730268875,
1.3034037510305028,21.042423753598882,
1.3098562448474855,20.270552438414597,
1.3163087386644683,20.11322098629637,
1.3227612324814508,18.369454127881113,
1.3292137262984336,18.190676427265885,
1.3356662201154164,18.062439818236044,
1.342118713932399,18.298277064762033,
1.3485712077493817,20.025809315615447,
1.3550237015663644,17.910290388493763,
1.361476195383347,17.837598606742063,
1.3679286892003297,19.161844169297524,
1.3743811830173125,17.184055345647153,
1.380833676834295,18.508720320341922,
1.3872861706512778,18.48305356299454,
1.3937386644682606,16.269514357887374,
1.400191158285243,17.333600998750967,
1.4066436521022259,17.216478421839156,
1.4130961459192086,16.129980413257158,
1.4195486397361912,13.748780396040843,
1.426001133553174,12.898052970331833,
1.4324536273701567,13.825648060275057,
1.4389061211871392,13.396908385291454,
1.445358615004122,10.695265726226694,
1.4518111088211048,11.824719257965057,
1.4582636026380873,9.64486702609861,
1.46471609645507,10.711588022781825,
1.4711685902720528,10.66216187622706,
1.4776210840890354,8.48853566524133,
1.4840735779060181,8.375135319229798,
1.490526071723001,8.363431064842075,
1.4969785655399834,8.297889085796783,
1.5034310593569662,7.874882549879771,
1.509883553173949,7.678391833629689,
1.5163360469909315,7.669978309443081,
1.5227885408079143,7.317890139915903,
1.5292410346248968,7.27030596982911,
1.5356935284418796,7.676998776564346,
1.5421460222588623,8.01764633465234,
1.5485985160758449,8.477434430274002,
1.5550510098928276,9.093921632535626,
1.5615035037098104,9.206657224506785,
1.567955997526793,11.53996938923683,
1.5744084913437757,9.564530384366094,
1.5808609851607585,9.473856288871502,
1.587313478977741,11.601655697341812,
1.5937659727947238,9.028243637985156,
1.6002184666117065,8.907042470478359,
1.606670960428689,8.652837781183848,
1.6131234542456718,8.347972792400356,
1.6195759480626546,8.471795793112392,
1.6260284418796371,8.207093701300778,
1.63248093569662,8.01360075875607,
1.6389334295136027,7.5199567356741,
1.6453859233305852,7.361924727497694,
1.651838417147568,8.932345212777363,
1.6582909109645507,6.572847314016258,
1.6647434047815333,6.394079876573983,
1.671195898598516,6.090770449716501,
1.6776483924154988,7.706871951395328,
1.6841008862324813,7.486731342013513,
1.690553380049464,7.383378346046925,
1.6970058738664469,2.7622972362349856,
1.7034583676834294,8.52696418713947,
1.7099108615004122,4.3923828931780236,
1.716363355317395,11.53648031610976,
1.7228158491343775,1.2553952245938262,
1.7292683429513602,10.21975193610649,
1.735720836768343,2.248019918436853,
1.7421733305853255,7.610670777744531,
1.7486258244023083,1.8167206711949575,
1.755078318219291,8.028117840475147,
1.7615308120362736,7.06458818269823,
1.7679833058532564,8.333933415361003,
1.7744357996702391,6.56989348930631,
1.7808882934872217,8.231820761702352,
1.7873407873042044,6.4893577432466145,
1.7937932811211872,0.4216511414502975,
1.8002457749381697,6.579074729471245,
1.8066982687551525,0.28829883942228207,
1.8131507625721353,5.737281306763521,
1.8196032563891178,-0.10933889867567359,
1.8260557502061006,4.6521978817202125,
1.8325082440230833,1.9279217204721135,
1.8389607378400659,3.2095856894121653,
1.8454132316570486,6.476069207221485,
1.8518657254740314,2.422610936971637,
1.858318219291014,6.29344535414441,
1.8647707131079967,5.323319469341186,
1.8712232069249792,5.29238354552831,
1.877675700741962,6.449653211969348,
1.8841281945589448,3.746056817187764,
1.8905806883759273,6.714583980356679,
1.89703318219291,5.240451153614572,
1.9034856760098928,5.7844677377828475,
1.9099381698268754,5.059898441808173,
1.9163906636438581,4.43284400805112,
1.922843157460841,7.177593567182271,
1.9292956512778234,7.0643799259217985,
1.9357481450948062,6.189743948124828,
1.942200638911789,8.517091357086997,
1.9486531327287715,6.473526890531161,
1.9551056265457543,7.350935488588789,
1.961558120362737,7.422985325657237,
1.9680106141797196,7.120093808406978,
1.9744631079967023,8.286192202511643,
1.980915601813685,10.207536776024881,
1.9873680956306676,7.628465922148848,
1.9938205894476504,9.117389132942776,
2.000273083264633,10.935093168632307,
2.0067255770816157,7.5475194928413885,
2.0131780708985985,8.162642246705104,
2.0196305647155812,11.498407379742389,
2.026083058532564,11.544802281372199,
2.0325355523495463,11.452650004623138,
2.038988046166529,11.969487225774287,
2.045440539983512,13.322354624015475,
2.0518930338004946,12.85576385755246,
2.0583455276174774,12.560188252257035,
2.06479802143446,12.66613015553935,
2.0712505152514424,12.399659718510861,
2.077703009068425,11.898862943493327,
2.084155502885408,11.395589941076537,
2.0906079967023907,7.703188525135943,
2.0970604905193735,8.693553176674982,
2.1035129843363563,8.315534375440848,
2.1099654781533386,7.836761767769872,
2.1164179719703213,7.662749762856947,
2.122870465787304,5.710799589196881,
2.129322959604287,5.292928099295409,
2.1357754534212696,6.774794023703748,
2.1422279472382524,6.618164366121505,
2.1486804410552347,6.573476907462009,
2.1551329348722175,5.884822508113075,
2.1615854286892002,3.79065240701982,
2.168037922506183,5.515529360865344,
2.1744904163231658,3.2448587136169635,
2.1809429101401485,2.7356781462282243,
2.187395403957131,2.8755991034181534,
2.1938478977741136,2.4926528458944404,
2.2003003915910964,2.468110247100526,
2.206752885408079,2.36241876656311,
2.213205379225062,2.5026420128878044,
2.2196578730420446,2.459527131955042,
2.226110366859027,2.466451618265978,
2.2325628606760097,2.544583584382167,
2.2390153544929925,2.751739133091519,
2.2454678483099753,2.8096903949029866,
2.251920342126958,2.980213018422887,
2.258372835943941,2.803019684562628,
2.264825329760923,2.9192733138842186,
2.271277823577906,2.984111419771466,
2.2777303173948886,4.859921257573774,
2.2841828112118714,2.803192967679365,
2.290635305028854,2.6108504060924815,
2.297087798845837,2.1369076495874424,
2.3035402926628192,3.761601180321918,
2.309992786479802,2.065017118416449,
2.3164452802967848,3.2719085514708013,
2.3228977741137675,1.099580725939063,
2.3293502679307503,0.6544319871778725,
2.335802761747733,2.2682049859691915,
2.3422552555647154,0.07546924136488542,
2.348707749381698,0.015136443550886725,
2.355160243198681,-0.016778152373376543,
2.3616127370156637,-0.02320211141056916,
2.3680652308326464,0.024538950298278905,
2.3745177246496287,2.051137787340622,
2.3809702184666115,0.03984389422805634,
2.3874227122835943,1.645809161232819,
2.393875206100577,0.11841892552763511,
2.40032769991756,0.13102763887513902,
2.4067801937345426,0.7394677177650237,
2.413232687551525,2.679087925468707,
2.4196851813685076,3.212510228523797,
2.4261376751854904,1.9385338829655439,
2.432590169002473,2.178303640363879,
2.439042662819456,2.468002345283253,
2.4454951566364387,4.362808165217984,
2.451947650453421,2.963646691557642,
2.4584001442704038,2.9205569857418823,
2.4648526380873865,2.4193642654728365,
2.4713051319043693,2.203225064975186,
2.477757625721352,3.4623492996516916,
2.484210119538335,2.9378325742734432,
2.490662613355317,1.0163454356637658,
2.4971151071723,2.763373611080283,
2.5035676009892827,0.618372527037991,
2.5100200948062654,2.071541650942663,
2.516472588623248,2.037553898915462,
2.522925082440231,-0.03444842763451561,
2.5293775762572133,-0.15844013743026153,
2.535830070074196,-0.18386620719559232,
2.542282563891179,-0.6562321874936288,
2.5487350577081616,1.4610026564802183,
2.5551875515251443,-0.06655242532190186,
2.561640045342127,0.1910225093228064,
2.5680925391591094,0.8591362124774378,
2.574545032976092,0.8272094865543522,
2.580997526793075,-1.5616530894509424,
2.5874500206100577,-3.492864138376376,
2.5939025144270405,-1.6069913435600256,
2.600355008244023,-0.067191529578281,
2.6068075020610055,4.688239594159199,
2.6132599958779883,6.618717365558155,
2.619712489694971,8.020605310863516,
2.626164983511954,8.258414444664709,
2.6326174773289366,5.430233475831869,
2.6390699711459193,1.281610165705274,
2.6455224649629017,1.6351315790752778,
2.6519749587798844,-1.1780580989502596,
2.658427452596867,-1.9168962020468143,
2.66487994641385,-2.0554965999259593,
2.6713324402308327,0.7938168964699344,
2.6777849340478155,1.009429799129407,
2.684237427864798,3.4455994269513894,
2.6906899216817806,5.307164247702644,
2.6971424154987633,8.791347952442493,
2.703594909315746,9.45526862411964,
2.710047403132729,7.907301862856912,
2.716499896949711,4.119652875707175,
2.722952390766694,3.822906225402221,
2.7294048845836767,-0.8160543519279599,
2.7358573784006595,-1.3052325898381696,
2.742309872217642,-0.6915717332964277,
2.748762366034625,4.936687019240594,
2.7552148598516073,6.850809269234674,
2.76166735366859,8.700035874789705,
2.768119847485573,7.116876599651391,
2.7745723413025556,7.343425343399417,
2.7810248351195384,0.9961612345792901,
2.787477328936521,1.5243554387342328,
2.7939298227535034,-2.09467549670228,
2.800382316570486,-1.4171707239557918,
2.806834810387469,0.34077159162450243,
2.8132873042044517,6.0389063773538965,
2.8197397980214345,6.882859696886612,
2.8261922918384172,7.385465650471701,
2.8326447856553996,5.406451520497171,
2.8390972794723823,2.53463091269748,
2.845549773289365,-3.226124919996778,
2.852002267106348,-5.402140529324015,
2.8584547609233306,-5.1930236247520725,
2.8649072547403134,-2.038228944410548,
2.8713597485572957,1.89525767350176,
2.8778122423742785,3.5582040986449783,
2.8842647361912612,4.574855901931869,
2.890717230008244,4.7395231986264434,
2.8971697238252268,2.555126275880525,
2.9036222176422095,-1.0596419755150919,
2.910074711459192,-2.8838849837131875,
2.9165272052761746,-4.7211783517072945,
2.9229796990931574,-2.189602777859932,
2.92943219291014,1.885637677704267,
2.935884686727123,3.4239762717323856,
2.9423371805441056,6.373801115024776,
2.948789674361088,6.432606867765003,
2.9552421681780707,1.1448253664727872,
2.9616946619950535,-1.4084489505717102,
2.9681471558120363,-2.2522027578244206,
2.974599649629019,-2.452896906688352,
2.981052143446002,0.6022157981956298,
2.987504637262984,2.956923788699328,
2.993957131079967,6.418422311817039,
3.0004096248969496,7.1407093349583874,
3.0068621187139324,8.64440414741432,
3.013314612530915,4.677924453117271,
3.019767106347898,-0.4120639477292798,
3.0262196001648802,-1.4929399603566935,
3.032672093981863,-1.8492362808295866,
3.0391245877988458,2.802717476586963,
3.0455770816158285,3.4462433878420597,
3.0520295754328113,6.957606181818505,
3.0584820692497936,8.42685261246504,
3.0649345630667764,8.101813746311905,
3.071387056883759,4.009952639983908,
3.077839550700742,0.7443843668060026,
3.0842920445177247,1.0719655034520201,
3.0907445383347074,-0.8791406441686149,
3.0971970321516897,1.9790797608567345,
3.1036495259686725,3.934767033897174,
3.1101020197856553,7.135153464041991,
3.116554513602638,7.929951311624222,
3.123007007419621,8.99751000120284,
3.1294595012366035,3.4980718197911074,
3.135911995053586,1.0438507132533914,
3.1423644888705686,-0.4635739383094233,
3.1488169826875514,-1.8452372057059847,
3.155269476504534,-2.533204582143526,
3.161721970321517,-2.6261602121454644,
3.1681744641384997,-1.6091444215336423,
3.174626957955482,2.2284270723998816,
3.1810794517724648,2.86232421819534,
3.1875319455894475,4.579382370812596,
3.1939844394064303,7.911208508291111,
3.200436933223413,8.779495211545054,
3.206889427040396,7.201345562959091,
3.213341920857378,8.61154877008505,
3.219794414674361,7.333017282748187,
3.2262469084913437,2.6505133788090234,
3.2326994023083264,-1.7920899942332653,
3.239151896125309,-2.2818072466104695,
3.245604389942292,-1.3421533466720348,
3.2520568837592743,2.324414833235892,
3.258509377576257,4.686882894443897,
3.26496187139324,6.499586019577578,
3.2714143652102226,8.632850032001897,
3.2778668590272053,6.804907303265168,
3.284319352844188,0.6347155843023984,
3.2907718466611704,-2.957115084033944,
3.297224340478153,7.202401524144761,
3.303676834295136,8.52247113668966,
3.3101293281121187,-1.1583331154103007,
3.3165818219291014,4.094628558730733,
3.323034315746084,8.916534230778211,
3.3294868095630665,5.172384010046585,
3.3359393033800493,1.0118747193712352,
3.342391797197032,5.825892523130165,
3.348844291014015,8.614378023920949,
3.3552967848309976,-1.5590205447939525,
3.3617492786479803,1.6771068427599403,
3.3682017724649627,9.904995299341408,
3.3746542662819454,0.9804397367864794,
3.381106760098928,-1.9767322342653415,
3.387559253915911,9.047872917150812,
3.3940117477328937,2.8758907631614647,
3.400464241549876,-2.0488878884301585,
3.406916735366859,7.676343348114074,
3.4133692291838416,8.17143857393296,
3.4198217230008243,-1.8314260355354008,
3.426274216817807,5.792880216991193,
3.43272671063479,7.936720968918166,
3.439179204451772,-1.7187478414707584,
3.445631698268755,3.943218331203184,
3.4520841920857377,9.09643543991126,
3.4585366859027205,-0.01984881441046582,
3.464989179719703,3.301799136384716,
3.471441673536686,9.194763145089496,
3.4778941673536683,0.7039831414917899,
3.484346661170651,4.422994655877346,
3.490799154987634,8.063292511417558,
3.4972516488046166,0.003501133388112976,
3.5037041426215993,4.096653766862005,
3.510156636438582,6.80977558806228,
3.5166091302555644,-1.5331023169133005,
3.523061624072547,5.242886937275443,
3.52951411788953,7.913328292283381,
3.5359666117065127,-3.6937480241120966,
3.5424191055234955,6.069669399849204,
3.5488715993404782,6.266066767688585,
3.5553240931574606,-3.7200582256519965,
3.5617765869744433,5.72607501307391,
3.568229080791426,3.3802660072425397,
3.574681574608409,-2.0743103194571404,
3.5811340684253916,5.5679897614181755,
3.5875865622423744,-1.1956596525089935,
3.5940390560593567,2.4930083606619746,
3.6004915498763395,7.501881752766963,
3.606944043693322,-4.271101665457309,
3.613396537510305,6.999495608477673,
3.6198490313272877,4.436441895108487,
3.6263015251442705,-2.2254453507522385,
3.632754018961253,6.551605088532028,
3.6392065127782356,-1.5946589489539065,
3.6456590065952184,4.349466156537915,
3.652111500412201,-0.6220655504197339,
3.658563994229184,-4.3217636764387635,
3.6650164880461666,1.666136729773939,
3.671468981863149,5.7047449347177235,
3.6779214756801317,-1.5971080192274485,
3.6843739694971145,-6.001864640269446,
3.6908264633140972,1.0589288209994265,
3.69727895713108,5.346738230246956,
3.7037314509480628,-1.547356675363858,
3.710183944765045,-5.797469975512968,
3.716636438582028,0.744914063295596,
3.7230889323990106,4.996253888147294,
3.7295414262159934,-2.277248181105392,
3.735993920032976,1.1556627985777368,
3.7424464138499585,-3.3929444580533072,
3.7488989076669412,-7.207428576274765,
3.755351401483924,3.3309353357536793,
3.7618038953009068,-6.082522898039201,
3.7682563891178895,2.3532332141975303,
3.7747088829348723,-7.285221668123654,
3.7811613767518546,-4.2765719994444,
3.7876138705688374,-1.6428232157389857,
3.79406636438582,-1.631460113938033,
3.800518858202803,2.6335927678768485,
3.8069713520197856,-7.249996193392917,
3.8134238458367684,0.24623215743906712,
3.8198763396537507,-8.117275912382638,
3.8263288334707335,2.441417928375472,
3.8327813272877163,-7.867094713186248,
3.839233821104699,0.23164847776445185,
3.845686314921682,-7.50806409642928,
3.8521388087386645,2.0320103650386727,
3.858591302555647,-4.020015582694668,
3.8650437963726296,0.32330732507705306,
3.8714962901896124,-7.788831941963508,
3.877948784006595,-2.169058391403496,
3.884401277823578,-6.107671189840062,
3.8908537716405607,1.4765349003371284,
3.897306265457543,-3.6950339553269487,
3.9037587592745258,0.5478673510817771,
3.9102112530915085,-1.59049445956407,
3.9166637469084913,-1.3363094030866023,
3.923116240725474,-7.297097291647447,
3.929568734542457,-3.1462872162989015,
3.936021228359439,-6.616188468621999,
3.942473722176422,0.6176037019500882,
3.9489262159934047,-5.52201794265477,
3.9553787098103874,0.5699242566814746,
3.96183120362737,-5.436871303659586,
3.968283697444353,0.3696263520815819,
3.9747361912613353,-5.558048717522411,
3.981188685078318,-3.7427564724576996,
3.987641178895301,-5.47464341652244,
3.9940936727122835,-4.108745223630763,
4.000546166529266,0.10951896856920484,
4.006998660346249,-4.4457304653980145,
4.013451154163231,-0.10250537692184025,
4.019903647980215,-3.628069411285537,
4.026356141797197,-0.42701822659842037,
4.032808635614179,-2.7142838723999603,
4.0392611294311624,-1.2326948586886601,
4.045713623248145,-2.128601106987503,
4.052166117065128,-5.761515887094106,
4.05861861088211,-1.4904357978681446,
4.065071104699093,-5.340740988718608,
4.071523598516076,-5.026099247534489,
4.077976092333058,-3.6278740950652946,
4.084428586150041,-5.495411755722216,
4.090881079967024,-3.008283061554266,
4.097333573784007,-6.186541837046775,
4.103786067600989,-5.28668075426765,
4.1102385614179715,-2.572592450374941,
4.116691055234955,-5.5893341507336345,
4.123143549051937,-2.5965327108444853,
4.12959604286892,-2.760057831006293,
4.1360485366859026,-3.482870682164844,
4.142501030502885,-1.6782179985565335,
4.148953524319868,-2.6894537025675618,
4.15540601813685,-3.4674709441990217,
4.161858511953834,-1.8516783162170896,
4.168311005770816,-2.8437114462954014,
4.174763499587799,-0.7305329752060743,
4.1812159934047815,-3.5841199726929744,
4.187668487221764,-1.0993140311819616,
4.194120981038747,-2.2841794650040583,
4.200573474855729,-2.407723787751479,
4.2070259686727125,-1.2497754660604414,
4.213478462489695,-3.313403392579062,
4.219930956306677,-1.3647644496301155,
4.22638345012366,-4.90682885945705,
4.232835943940643,-2.0880295463188077,
4.239288437757626,-2.17012264164498,
4.245740931574608,-3.1266483230675703,
4.252193425391591,-3.3302913141517365,
4.258645919208574,-2.989596249047395,
4.265098413025556,-1.7941722314660637,
4.271550906842539,-2.61376227479343,
4.278003400659522,-3.015224773201794,
4.284455894476505,-0.7654364832253577,
4.290908388293487,-0.9498228798131549,
4.297360882110469,-3.6322014587057083,
4.303813375927453,-1.3290459921366846,
4.310265869744435,-0.1366034620531309,
4.316718363561418,-0.8129592528770218,
4.3231708573784005,-1.2942826228187414,
4.329623351195384,-1.574805021412999,
4.336075845012366,-1.6729302199797758,
4.342528338829348,-1.940774834930039,
4.3489808326463315,-1.9989432183091367,
4.355433326463314,-2.2982390319597243,
4.361885820280297,-2.3158284752395275,
4.368338314097279,-2.345212637339955,
4.374790807914262,-2.2742849165933876,
4.381243301731245,-2.097116370783283,
4.387695795548227,-1.9470161323237107,
4.39414828936521,-1.9641111074985247,
4.400600783182193,-1.2511545135287179,
4.407053276999175,-1.0657002064739345,
4.413505770816158,-0.9046283164290116,
4.419958264633141,-0.9051260981855194,
4.426410758450124,-0.9637370005455068,
4.432863252267106,-1.0733535874593372,
4.439315746084089,-1.2997850257662549,
4.445768239901072,-1.1564604450364868,
4.452220733718054,-1.364859247093591,
4.458673227535037,-1.2180307201799678,
4.4651257213520195,-1.0044117323142245,
4.471578215169003,-2.237201967992519,
4.478030708985985,-0.766608654310744,
4.484483202802967,-2.181552419155537,
4.4909356966199505,-0.5847155314808106,
4.497388190436933,-0.6079816869020078,
4.503840684253916,-1.023179663269957,
4.510293178070898,-1.2538207527335317,
4.516745671887882,-1.4803819927964241,
4.523198165704864,-1.744375566208987,
4.529650659521846,-1.8365105040226126,
4.536103153338829,-1.843859386512463,
4.542555647155812,-1.8218367725609141,
4.549008140972795,-1.7911134698197202,
4.555460634789777,-3.106642027344037,
4.56191312860676,-1.2566817818629943,
4.568365622423743,-1.224857205917374,
4.574818116240725,-1.0550116034661414,
4.581270610057708,-1.1972601255047266,
4.587723103874691,-2.384744278871608,
4.594175597691674,-1.0580083909242148,
4.600628091508656,-0.9536758520330295,
4.6070805853256385,-1.2866847890671806,
4.613533079142622,-1.2872736516603709,
4.619985572959604,-1.1490392185714882,
4.626438066776587,-2.8025183314849755,
4.6328905605935695,-1.2583725683215334,
4.639343054410552,-1.2910374554767259,
4.645795548227535,-1.2752382834887612,
4.652248042044517,-2.694366797613611,
4.658700535861501,-1.2784581740603471,
4.665153029678483,-1.1744179663759269,
4.671605523495466,-2.7016541851418197,
4.678058017312448,-2.6771902716076283,
4.684510511129431,-2.6483479816664612,
4.690963004946414,-2.616047795518398,
4.697415498763396,-1.0739389875874394,
4.7038679925803795,-1.1216373137070832,
4.710320486397362,-1.0932976218908834,
4.716772980214344,-0.8927207444718306,
4.723225474031327,-0.9547764398963636,
4.72967796784831,-1.1995545344060474,
4.736130461665293,-1.231694854331863,
4.742582955482275,-1.2695900129541542,
4.7490354492992575,-1.326989495479097,
4.755487943116241,-1.3551731181178184,
4.761940436933223,-1.2397019569938266,
4.768392930750206,-1.137283805335187,
4.7748454245671885,-0.7894478047550137,
4.781297918384172,-0.6978218112193417,
4.787750412201154,-0.4919929982897884,
4.794202906018136,-0.6512907181565879,
4.80065539983512,-1.8630665772626571,
4.807107893652102,-0.705511266692497,
4.813560387469085,-2.0649093651978774,
4.820012881286067,-3.6295012367226036,
4.82646537510305,-7.28982390070496,
4.832917868920033,-6.038312859333928,
4.839370362737015,-5.72495565798647,
4.8458228565539985,0.2267886966584456,
4.852275350370981,3.6248438832818692,
4.858727844187964,4.46361018729101,
4.865180338004946,3.974430424205025,
4.871632831821929,1.9904418289841033,
4.878085325638912,-2.0671210379376816,
4.884537819455894,-5.560213996398943,
4.890990313272877,-5.908515506966069,
4.89744280708986,-3.9905095185187065,
4.903895300906842,-0.601164024768309,
4.910347794723825,3.3017280367422472,
4.9168002885408075,4.9264240190696,
4.923252782357791,4.7898691893130945,
4.929705276174773,0.373876879034583,
4.936157769991756,-2.0997200138332346,
4.942610263808739,-5.181152215789211,
4.949062757625721,-4.85860839053646,
4.955515251442704,-3.0962632604984037,
4.961967745259686,-0.7570600606147764,
4.96842023907667,2.6601584732839,
4.974872732893652,4.196728656760683,
4.981325226710634,4.513523016880185,
4.9877777205276175,1.989225387344277,
4.9942302143446,-0.7584712421077029,
5.000682708161583,-5.693635618792882,
5.007135201978565,-6.0154839878383655,
5.0135876957955485,-7.078462638860287,
5.020040189612531,-2.2811664584291975,
5.026492683429513,1.0867520115031084,
5.032945177246496,2.0717033403976757,
5.039397671063479,0.9417105219287123,
5.045850164880462,1.9603272074360802,
5.052302658697444,-2.4385226995788116,
5.0587551525144265,-5.551274322749009,
5.06520764633141,-8.330214390247988,
5.071660140148392,-8.27303883150796,
5.078112633965375,-2.7834899633859322,
5.084565127782358,-2.3893698682448985,
5.09101762159934,0.4094229697783476,
5.097470115416323,0.49659891275643986,
5.103922609233305,-0.23893561523902918,
5.110375103050289,-3.1022850267839885,
5.116827596867271,-6.935981290763834,
5.123280090684254,-8.789456088194015,
5.1297325845012365,-8.982901890078551,
5.136185078318219,-6.141466354272779,
5.142637572135202,-3.7804514793640465,
5.149090065952184,-0.5440165887481498,
5.1555425597691675,-0.42689586746189434,
5.16199505358615,0.7747432653328588,
5.168447547403132,-1.428347351392972,
5.174900041220115,-6.915836610097699,
5.181352535037098,-7.514376538500187,
5.187805028854081,-7.414628727986269,
5.194257522671063,-7.096629394970023,
5.200710016488046,-2.8119258438460975,
5.207162510305029,-0.7175859677212202,
5.213615004122011,1.1222850834244582,
5.220067497938994,2.431193857591211,
5.226519991755977,3.0470730527553087,
5.23297248557296,3.0352601306530005,
5.239424979389942,0.6614772544271545,
5.245877473206924,0.34957111450944467,
5.252329967023908,-3.7400255452544116,
5.25878246084089,-5.82740245728985,
5.265234954657873,-6.806739575167171,
5.2716874484748555,-8.457324224846502,
5.278139942291839,-6.464730647826968,
5.284592436108821,-2.601261401718375,
5.291044929925803,1.0963463717085915,
5.2974974237427865,2.143119500306625,
5.303949917559769,2.6491215246149977,
5.310402411376752,-0.2863897471262362,
5.316854905193734,-2.7006385252585687,
5.323307399010717,-7.337385685719823,
5.3297598928277,-8.318757549699285,
5.336212386644682,-8.540110127524372,
5.342664880461665,-3.2234149311324245,
5.349117374278648,-2.663486518795139,
5.355569868095631,1.5754186588183074,
5.362022361912613,-0.03565274623849746,
5.368474855729596,1.2090365478258036,
5.374927349546579,-3.2793432555068875,
5.381379843363561,-6.835125685196886,
5.387832337180544,-9.050194773713088,
5.394284830997527,-6.809424918115042,
5.400737324814509,-6.985082181286202,
5.407189818631492,-2.2708078019038567,
5.4136423124484745,0.5140575266331098,
5.420094806265458,2.2746284322694237,
5.42654730008244,1.89193875740375,
5.432999793899422,-1.80735218021141,
5.4394522877164055,-6.002467036375151,
5.445904781533388,-8.42126428945528,
5.452357275350371,-8.85679152191517,
5.458809769167353,-5.640688817035084,
5.465262262984337,-1.567361106087219,
5.471714756801319,-1.5092230315741517,
5.478167250618301,-0.2731951169282638,
5.484619744435284,-0.5406379500981302,
5.491072238252267,-3.5645971752602463,
5.49752473206925,-9.635008453457317,
5.503977225886232,-9.006523653866225,
5.510429719703215,1.2942270480605202,
5.516882213520198,-6.582953899906329,
5.52333470733718,-9.365009329021063,
5.529787201154163,-1.0315328908669699,
5.536239694971146,-0.34033926042127405,
5.542692188788129,-5.789749114001438,
5.549144682605111,-5.277921487451408,
5.5555971764220935,0.30926728010001625,
5.562049670239077,-1.3856310158876113,
5.568502164056059,-9.025703380289201,
5.574954657873042,-3.0769919954019542,
5.5814071516900245,-0.4382783325023638,
5.587859645507007,-3.6972919018581933,
5.59431213932399,-7.599057155061473,
5.600764633140972,1.9855771798539763,
5.607217126957956,-1.343691373972547,
5.613669620774938,-9.873903017092175,
5.620122114591921,0.1322127131071511,
5.626574608408903,0.5816214772494277,
5.633027102225886,-9.846584000775692,
5.639479596042869,1.6172884946078057,
5.645932089859851,2.4254029203601704,
5.6523845836768345,-7.695026183369123,
5.658837077493817,1.425754580650505,
5.665289571310799,1.2244882963730106,
5.671742065127782,-9.248935210304921,
5.678194558944765,1.1738765925691723,
5.684647052761748,3.1950742594566464,
5.69109954657873,-9.235573603174885,
5.697552040395713,0.8646209038651023,
5.704004534212696,2.7212622683593963,
5.710457028029678,-3.429041171865947,
5.716909521846661,-9.704125201033662,
5.7233620156636436,-5.156208331971243,
5.729814509480627,1.5197677335924027,
5.736267003297609,2.18687796860479,
5.742719497114591,-4.1346264168722655,
5.749171990931575,-9.078644679557215,
5.755624484748557,-3.0599175279552355,
5.76207697856554,3.551417822022586,
5.7685294723825224,1.8453790808786152,
5.774981966199505,-4.697322507735294,
5.781434460016488,-8.254353831890626,
5.78788695383347,2.6314967320580536,
5.7943394476504535,-0.2648290578978276,
5.800791941467436,-4.941201114827095,
5.807244435284419,3.0878564073127563,
5.813696929101401,-4.247139458578886,
5.820149422918384,-2.2441316746486564,
5.826601916735367,-1.6768461154609895,
5.833054410552349,-8.665713330683616,
5.839506904369332,0.5805529982864073,
5.845959398186315,-7.606639186160805,
5.852411892003297,-11.139047593795453,
5.85886438582028,1.266998792273057,
5.865316879637263,-11.54809813482791,
5.871769373454246,-4.052953666632334,
5.878221867271228,-2.913493697396575,
5.884674361088211,-5.171699787363309,
5.891126854905194,0.6433952713731514,
5.897579348722176,-8.332817699775887,
5.904031842539159,2.33421355615053,
5.9104843363561415,0.27325108979982815,
5.916936830173125,-5.717891941366929,
5.923389323990107,0.650765920835056,
5.929841817807089,-7.290114970929039,
5.9362943116240725,0.633364119072894,
5.942746805441055,-7.531292077006697,
5.949199299258038,-5.016262902918129,
5.95565179307502,0.013499331588604946,
5.962104286892004,-3.5897823286221637,
5.968556780708986,3.70732765950504,
5.975009274525968,-8.959228101071972,
5.981461768342951,3.92560995545864,
5.987914262159934,-3.209520919177862,
5.994366755976917,0.5010636767736969,
6.000819249793899,2.7499659712690345,
6.007271743610882,-5.339098155921533,
6.013724237427865,-0.16849971173621725,
6.020176731244847,-7.627439529898652,
6.02662922506183,3.4566619473042692,
6.033081718878813,-7.21986961231562,
6.039534212695796,1.2475043848886571,
6.045986706512778,-7.631566168990844,
6.0524392003297605,2.6382834167792453,
6.058891694146744,-7.216539396019812,
6.065344187963726,0.38640348721230566,
6.071796681780709,-7.249266548536866,
6.0782491755976915,2.2800851301562943,
6.084701669414674,-4.718249490523931,
6.091154163231657,1.8776047520785824,
6.097606657048639,-8.259429656637735,
6.104059150865623,0.03703786193284486,
6.110511644682605,-5.935149709678171,
6.116964138499587,2.474955512795077,
6.12341663231657,-4.591399967342454,
6.129869126133553,0.38675034712809975,
6.136321619950536,-7.657229575106726,
6.142774113767518,0.7183246315647693,
6.1492266075845015,-8.283348971740224,
6.155679101401484,-1.246227452928565,
6.162131595218466,-8.217346645496264,
6.168584089035449,-0.4499679509598309,
6.175036582852432,-1.4919476371804876,
6.181489076669415,-0.08799258144301803,
6.187941570486397,-1.353299387264542,
6.1943940643033795,0.31187075864056624,
6.200846558120363,-0.935959681214058,
6.207299051937345,-6.64152860327556,
6.213751545754328,-2.3734567680102145,
6.2202040395713105,-0.1467714958024544,
6.226656533388294,-4.917009333084479,
6.233109027205276,-0.1200601214135304,
6.239561521022258,-0.632319087828705,
6.246014014839242,-4.250827627689318,
6.252466508656224,-0.9971596238079883,
6.258919002473207,-1.3068883216427594,
6.265371496290189,-5.685084518093731,
6.271823990107172,0.8409592908011518,
6.278276483924155,-2.4812820162452454,
6.284728977741137,-3.371361159777507,
6.2911814715581205,-0.8628337664330274,
6.297633965375103,-2.30042939401244,
6.304086459192086,-6.102450405339141,
6.310538953009068,-1.0053815478430579,
6.316991446826051,-3.8963686134151203,
6.323443940643034,-1.2876606584098909,
6.329896434460016,-2.5266495933395845,
6.336348928276999,-2.9170476855907737,
6.342801422093982,-0.6392741003761557,
6.349253915910964,-2.8492687279693882,
6.355706409727947,-1.6982177678147536,
6.3621589035449295,-1.5123889764547584,
6.368611397361913,-4.35479107114827,
6.375063891178895,-1.4552579636693963,
6.381516384995878,-2.080452589505626,
6.387968878812861,-2.84989369932066,
6.394421372629843,-1.408144219193332,
6.400873866446826,-2.3452339440970036,
6.407326360263808,-4.221527164428835,
6.413778854080792,-1.5026610322819351,
6.420231347897774,-1.8986405228753256,
6.426683841714756,-2.418458959626264,
6.4331363355317395,-1.678291764568371,
6.439588829348722,-1.0726894169796424,
6.446041323165705,-2.0293905666862884,
6.452493816982687,-1.0981147816208932,
6.45894631079967,-1.359818304816713,
6.465398804616653,-1.0576326917217784,
6.471851298433635,-0.17832860119153793,
6.478303792250618,0.18870502450988624,
6.484756286067601,-1.3631422563154274,
6.491208779884584,-0.9146808221333913,
6.497661273701566,-0.3522971605792691,
6.5041137675185485,-0.03330869182434526,
6.510566261335532,-1.1190490320365143,
6.517018755152514,-2.726686045177871,
6.523471248969497,-1.4354061898776536,
6.52992374278648,-2.119702915965604,
6.536376236603462,-1.2149029667073137,
6.542828730420445,-2.441868559779209,
6.549281224237427,-0.8865229874110128,
6.555733718054411,-0.8629407215931906,
6.562186211871393,-2.5398589681256,
6.568638705688376,-1.9881006732053947,
6.5750911995053585,-0.7677459268427356,
6.581543693322341,-1.7111265041045272,
6.587996187139324,-1.4545524353775363,
6.594448680956306,0.07907847526064415,
6.6009011747732895,-1.2978563053707148,
6.607353668590272,-1.385136722817606,
6.613806162407254,0.4105291165277549,
6.620258656224237,-1.4337251250253757,
6.62671115004122,0.06337774612052272,
6.633163643858203,-1.6667783035851471,
6.639616137675185,-1.699289714606607,
6.646068631492168,-1.8188277534753752,
6.652521125309151,-0.15080331787169143,
6.658973619126133,-1.9385413868434398,
6.665426112943116,-1.9226882999131476,
6.671878606760099,-1.6047627563328888,
6.678331100577082,-1.425694141586746,
6.684783594394064,-1.3907040006056377,
6.691236088211046,0.1737391486484512,
6.69768858202803,0.01891559177158797,
6.704141075845012,-1.5758448110167365,
6.710593569661995,-1.6320378419640065,
6.7170460634789775,-1.7920832344749442,
6.723498557295961,-1.8613061662981636,
6.729951051112943,-0.751290928942467,
6.736403544929925,-2.433389957760596,
6.7428560387469085,-2.4911450061916867,
6.749308532563891,-2.6070790405907474,
6.755761026380874,-2.5607732125308758,
6.762213520197856,-1.0554169103808135,
6.768666014014839,-2.483193623383613,
6.775118507831822,-2.376319674890965,
6.781571001648804,-2.4030742464666446,
6.788023495465787,-2.4032076709924013,
6.79447598928277,-2.386987834857905,
6.800928483099752,-2.411649720398259,
6.807380976916735,-2.4042414514473194,
6.813833470733718,-2.4117809727955546,
6.820285964550701,-2.4317962722756192,
6.826738458367683,-2.442886583203176,
6.833190952184666,-2.426300124363138,
6.839643446001649,-2.3956442946586094,
6.846095939818631,-2.34057187718372,
6.852548433635614,-2.5023450581730913,
6.8590009274525965,-2.651713952717614,
6.86545342126958,-2.863212608583922,
6.871905915086562,-3.5375331670380774,
6.878358408903544,-3.5750944462387224,
6.8848109027205275,-2.0158320368017257,
6.89126339653751,-2.210357253207576,
6.897715890354493,-2.2077005383602,
6.904168384171475,-2.181175460447548,
6.910620877988459,-3.4257166218421844,
6.917073371805441,-1.532632063191727,
6.923525865622423,-2.6722425918931094,
6.929978359439406,-2.532814208439163,
6.936430853256389,-2.566208359192615,
6.942883347073372,-2.598382568986949,
6.949335840890354,-2.7402476004366463,
6.955788334707337,-1.4159502633768852,
6.96224082852432,-3.1544070728660927,
6.968693322341302,-3.314678528940135,
6.975145816158285,-1.627927749384071,
6.981598309975268,-1.5483948037805249,
6.988050803792251,-3.082127873217246,
6.994503297609233,-1.461744913116945,
7.0009557914262155,-2.560142821264776,
7.007408285243199,-2.5420886546531847,
7.013860779060181,-2.4929428858866913,
7.020313272877164,-2.502559399837196,
7.0267657666941465,-3.03609922991609,
7.033218260511129,-6.619136676986841,
7.039670754328112,-7.210719041120683,
7.046123248145094,-6.189548636149425,
7.052575741962078,-2.2640621228254076,
7.05902823577906,-0.1399694593313825,
7.065480729596043,3.646266650450457,
7.071933223413025,3.3691202504766125,
7.078385717230008,1.9438665412059208,
7.084838211046991,-4.8100467900897,
7.091290704863973,-6.401550343137274,
7.0977431986809565,-6.776825120724311,
7.104195692497939,-7.608437772654156,
7.110648186314921,-4.008337969324998,
7.117100680131904,-1.4883467065349123,
7.123553173948887,0.7923628495647108,
7.13000566776587,1.390811125513551,
7.136458161582852,1.1391451709367857,
7.1429106553998345,-4.792051250350482,
7.149363149216818,-6.329926891426226,
7.1558156430338,-8.318743562898021,
7.162268136850783,-6.176964031468174,
7.1687206306677655,-5.76663281062531,
7.175173124484749,-1.6299753500042016,
7.181625618301731,1.0288370236056608,
7.188078112118713,2.146933433508707,
7.194530605935697,0.46670539601939254,
7.200983099752679,-1.8938299954339755,
7.207435593569662,-5.789362963987742,
7.213888087386644,-7.745625017527118,
7.220340581203627,-9.363301149453378,
7.22679307502061,-6.582261110286936,
7.233245568837592,-1.0002293980850254,
7.2396980626545755,-0.9902469993379555,
7.246150556471558,-0.2210243083872001,
7.252603050288541,1.729030281492328,
7.259055544105523,1.4067267061410575,
7.265508037922506,0.33186027847250443,
7.271960531739489,-2.185834253607595,
7.278413025556471,-5.953376192480391,
7.284865519373454,-7.228826706108862,
7.291318013190437,-6.857057055139762,
7.297770507007419,-7.497489420604438,
7.304223000824402,-8.948645843738745,
7.3106754946413846,-6.661449038077649,
7.317127988458368,-4.284175791903294,
7.32358048227535,-1.2016680848894339,
7.330032976092333,0.3393692717573913,
7.336485469909316,1.3744689644815935,
7.342937963726298,1.3912529141167624,
7.349390457543281,-1.1864790594034957,
7.3558429513602634,-6.691975968461179,
7.362295445177247,-7.88989677043935,
7.368747938994229,-7.3757222181542375,
7.375200432811211,-4.860841140880325,
7.3816529266281945,-2.842484903897457,
7.388105420445177,-0.674515267651941,
7.39455791426216,0.3657432128599112,
7.401010408079142,0.06905583367120016,
7.4074629018961256,-3.432067234160968,
7.413915395713108,-5.1161168681163645,
7.42036788953009,-6.186152666901307,
7.426820383347073,-8.166489439990642,
7.433272877164056,-7.239417276229574,
7.439725370981039,-1.539608402080944,
7.446177864798021,-0.11976074731740027,
7.452630358615004,2.3603232370832075,
7.459082852431987,0.2542984462960476,
7.465535346248969,-3.4750276523799357,
7.471987840065952,-3.7675070471958634,
7.478440333882935,-8.03100056890787,
7.484892827699917,-6.83822856292511,
7.4913453215169,-7.652056132349912,
7.4977978153338825,-1.9521376694281116,
7.504250309150866,-1.7223183808058593,
7.510702802967848,2.386175011489968,
7.517155296784831,2.132816640902888,
7.5236077906018135,0.7157340894249273,
7.530060284418796,-5.794126349918429,
7.536512778235779,-8.335132648995227,
7.542965272052761,-8.746867044992428,
7.549417765869745,-7.889914673847329,
7.555870259686727,-3.6813476517669415,
7.562322753503709,-0.405458531751151,
7.568775247320692,2.077293264743389,
7.575227741137675,0.372201682407308,
7.581680234954658,0.8096790171067596,
7.58813272877164,-5.661836265013676,
7.5945852225886235,-8.129687738332336,
7.601037716405606,-8.50844875235282,
7.607490210222588,-7.75218156719211,
7.613942704039571,-4.009845262220097,
7.620395197856554,-1.6345496737233134,
7.626847691673537,1.701964021314211,
7.633300185490519,0.39693802959243385,
7.6397526793075015,0.03384481910472914,
7.646205173124485,-6.541983880299199,
7.652657666941467,-7.670852699125248,
7.65911016075845,-10.092347566920012,
7.6655626545754325,-9.058781943603663,
7.672015148392416,-7.27892805798831,
7.678467642209398,-3.0329204418259224,
7.68492013602638,0.09586240517444367,
7.691372629843364,-0.3718523450017983,
7.697825123660346,-1.7265545996862102,
7.704277617477329,-2.266125548261357,
7.710730111294311,-9.07209269083853,
7.717182605111294,-4.464458787661329,
7.723635098928277,0.23639324314342502,
7.730087592745259,-6.56728418417822,
7.7365400865622425,-8.754195540202545,
7.742992580379225,1.28432471662029,
7.749445074196208,-2.9918818988347766,
7.75589756801319,-9.327042017970257,
7.762350061830173,-9.457872995689627,
7.768802555647156,-4.816444467266706,
7.775255049464138,-0.5637186501218139,
7.781707543281121,-0.23231947949875575,
7.788160037098104,-4.981785926899079,
7.794612530915086,-10.310092701198414,
7.801065024732069,-7.053347970835944,
7.8075175185490515,-1.803098119574429,
7.813970012366035,0.7772263771074677,
7.820422506183017,-2.1761918796977398,
7.826874999999999,-9.167319458369434,
7.833327493816983,-4.883789557997602,
7.839779987633965,0.02533600569029204,
7.846232481450948,-10.88523382030678,
7.85268497526793,-7.11276365756828,
7.859137469084914,1.9294833849365887,
7.865589962901896,-2.538656670485807,
7.872042456718878,-9.124956782546178,
7.8784949505358615,0.7198502890648797,
7.884947444352844,-0.8406656992978014,
7.891399938169827,-9.998753180994413,
7.897852431986809,0.16515046904396513,
7.904304925803792,-0.3058171847063704,
7.910757419620775,-10.341213428921833,
7.917209913437757,0.346042739858035,
7.92366240725474,-1.3432064021915266,
7.930114901071723,-9.912168464918636,
7.936567394888706,2.9619170882975823,
7.943019888705688,0.3598031410500653,
7.9494723825226705,-9.06013948572786,
7.955924876339654,-1.752373000978082,
7.962377370156636,-1.1158320918372056,
7.968829863973619,-6.811039510893011,
7.975282357790602,-0.17408046520642984,
7.981734851607584,-2.7658153132755388,
7.988187345424567,-4.756041002158668,
7.994639839241549,2.355025010239274,
8.001092333058532,-4.884296550325757,
8.007544826875515,-1.2662529344487439,
8.013997320692498,2.5623174872201844,
8.02044981450948,-6.945918744679716,
8.026902308326463,2.4674591721710613,
8.033354802143446,3.1105380771589353,
8.03980729596043,-7.459939449692911,
8.04625978977741,3.9928203205647606,
8.052712283594394,-1.8319403838339667,
8.059164777411377,-4.464829504698514,
8.065617271228358,0.10591941987047448,
8.072069765045342,-7.46837106214366,
8.078522258862325,1.232566206900401,
8.084974752679308,-6.440499694246341,
8.09142724649629,-7.919392880785949,
8.097879740313273,0.9116524123896852,
8.104332234130256,-8.477105179402429,
8.110784727947237,-1.3721042638734389,
8.11723722176422,-4.228183102098114,
8.123689715581204,-2.0161416481040533,
8.130142209398185,2.2014482804432873,
8.136594703215168,-8.505279250971057,
8.143047197032152,2.526290829225559,
8.149499690849135,-4.635475491378315,
8.155952184666116,-1.1864899000566993,
8.1624046784831,-5.527110770852914,
8.168857172300083,-8.222268415257417,
8.175309666117064,1.1651131793076956,
8.181762159934047,-7.733207920082464,
8.18821465375103,-0.9723830438157393,
8.194667147568014,-8.967817318147127,
8.201119641384995,1.4823956988074087,
8.207572135201978,-3.3554003053236556,
8.214024629018962,-3.0481547263447055,
8.220477122835943,-5.675208133621368,
8.226929616652926,-7.697808206807963,
8.23338211046991,-0.12639665042740944,
8.239834604286893,-3.560351011238822,
8.246287098103874,1.5461665238102569,
8.252739591920857,-7.258811585346166,
8.25919208573784,1.6301617373175077,
8.265644579554822,-6.766182959119419,
8.272097073371805,-3.3926129140731973,
8.278549567188788,2.578561741251633,
8.28500206100577,-3.3691440372271018,
8.291454554822753,-8.232825002388722,
8.297907048639736,-0.5153948237607437,
8.30435954245672,-0.6047561864533009,
8.3108120362737,-8.922561207311787,
8.317264530090684,-2.3202057506097162,
8.323717023907667,-0.2924693585678142,
8.330169517724649,-6.0936301875573236,
8.336622011541632,-5.150150110699428,
8.343074505358615,-0.23855652388249382,
8.349526999175598,-7.042684639838171,
8.35597949299258,-1.8943426340016458,
8.362431986809563,-7.599047824361719,
8.368884480626546,0.2592089309929406,
8.375336974443528,-2.453324243960992,
8.38178946826051,1.5242155153121075,
8.388241962077494,-3.5547024740168354,
8.394694455894477,-4.481916447821391,
8.401146949711459,-4.421697165092155,
8.407599443528442,-4.03229665604124,
8.414051937345425,0.9784523467002373,
8.420504431162406,-3.5997104371457453,
8.42695692497939,-1.1804741292536391,
8.433409418796373,-3.9584273903715257,
8.439861912613354,-1.8427088700419745,
8.446314406430337,-5.11564597030258,
8.45276690024732,-1.9328108433802527,
8.459219394064304,-4.599895269420699,
8.465671887881285,-5.262361776362809,
8.472124381698269,-4.1121812857958275,
8.478576875515252,-5.527857297674586,
8.485029369332233,-1.4265934199125923,
8.491481863149216,-7.309833188733023,
8.4979343569662,-2.202987538218281,
8.504386850783183,-1.2475793386425948,
8.510839344600164,-3.5121915598866735,
8.517291838417147,-0.9797751791592191,
8.52374433223413,-4.8900387861232275,
8.530196826051112,-1.3498769375756865,
8.536649319868095,-2.033994935503756,
8.543101813685078,-2.514197012903878,
8.54955430750206,-2.3613276249003547,
8.556006801319043,-2.8264449227946216,
8.562459295136026,-1.6279777507928657,
8.56891178895301,-3.204571597919198,
8.575364282769991,-4.0256611323681,
8.581816776586974,-1.9896693747660947,
8.588269270403957,-2.4572295979527325,
8.594721764220939,-3.7524679975750814,
8.601174258037922,-2.081962290315346,
8.607626751854905,-2.9027320180369998,
8.614079245671888,-5.561519118570686,
8.62053173948887,-2.4072681137259906,
8.626984233305853,-2.74022575231686,
8.633436727122836,-3.7296185425918793,
8.639889220939818,-4.316806391090836,
8.646341714756801,-2.495598747120198,
8.652794208573784,-6.1549017294694295,
8.659246702390767,-3.826580882458188,
8.665699196207749,-6.467503101823127,
8.672151690024732,-7.0094079605653405,
8.678604183841715,-6.750231453186075,
8.685056677658697,-3.9576034111647687,
8.69150917147568,-4.775822433742519,
8.697961665292663,-6.5972600823766925,
8.704414159109644,-2.9443290802236106,
8.710866652926628,-3.188485537383599,
8.71731914674361,-6.2421716401885305,
8.723771640560594,-4.173396831327182,
8.730224134377575,-3.1241400978270804,
8.736676628194559,-5.447060057492195,
8.743129122011542,-6.336420524231585,
8.749581615828523,-6.568343134469956,
8.756034109645507,-6.592606027400848,
8.76248660346249,-6.327432803315219,
8.768939097279473,-5.8603386147261745,
8.775391591096454,-5.692025595926225,
8.781844084913438,-5.612210830079107,
8.78829657873042,-5.572902124564166,
8.794749072547402,-5.596193759413836,
8.801201566364385,-5.58264307623574,
8.807654060181369,-5.582821621427115,
8.81410655399835,-5.62473213661076,
8.820559047815333,-5.6657786276463185,
8.827011541632316,-5.604574577669041,
8.8334640354493,-5.678019313158302,
8.839916529266281,-6.1847721041909836,
8.846369023083264,-5.982991503388689,
8.852821516900248,-5.839931539272698,
8.859274010717229,-6.239477706902676,
8.865726504534212,-5.775131456357826,
8.872178998351195,-5.627321610061131,
8.878631492168179,-4.94033838695816,
8.88508398598516,-3.5248104967373592,
8.891536479802143,-4.812474106152763,
8.897988973619126,-3.608194549550035,
8.904441467436108,-5.262694660602392,
8.910893961253091,-5.496069699645659,
8.917346455070074,-5.5860209215321674,
8.923798948887057,-5.567499847861541,
8.930251442704039,-5.587597855271838,
8.936703936521022,-5.430375728059175,
8.943156430338005,-5.381088914105476,
8.949608924154987,-5.212027771652288,
8.95606141797197,-5.34064621829441,
8.962513911788953,-5.454619382366559,
8.968966405605935,-5.2181470295578265,
8.975418899422918,-5.527856129956945,
8.981871393239901,-5.5109331461005695,
8.988323887056884,-5.439768606597795,
8.994776380873866,-5.381417573007639,
9.001228874690849,-4.986278269038394,
9.007681368507832,-3.3792614527756086,
9.014133862324814,-4.793172283193144,
9.020586356141797,-5.227538701339768,
9.02703884995878,-5.430288710827654,
9.033491343775763,-5.4504903905107085,
9.039943837592745,-5.844174222996003,
9.046396331409728,-5.910258197537928,
9.052848825226711,-6.097222913627547,
9.059301319043692,-6.149666336822179,
9.065753812860676,-6.004526257811335,
9.072206306677659,-6.177728589644744,
9.078658800494642,-6.147917093241972,
9.085111294311623,-6.146890737298236,
9.091563788128607,-5.820411614778209,
9.09801628194559,-5.40737702313595,
9.104468775762571,-5.333240600861586,
9.110921269579555,-3.975642136649185,
9.117373763396538,-3.640737067176019,
9.12382625721352,-5.941662164487525,
9.130278751030502,-6.066226942907406,
9.136731244847486,-6.080425854558484,
9.143183738664469,-6.521433528192006,
9.14963623248145,-6.838818907532982,
9.156088726298433,-5.362489578300597,
9.162541220115417,-6.787842583783231,
9.168993713932398,-5.7406347337414445,
9.175446207749381,-5.685050753962855,
9.181898701566364,-5.625804605928465,
9.188351195383348,-5.7075942326523545,
9.194803689200329,-5.622860333345102,
9.201256183017312,-5.4726515622677425,
9.207708676834296,-5.4815073677981445,
9.214161170651277,-5.1004735234946565,
9.22061366446826,-6.275525264163548,
9.227066158285243,-6.198663716551664,
9.233518652102225,-9.334952635024365,
9.239971145919208,-10.343604964898873,
9.246423639736191,-9.964141742071547,
9.252876133553174,-6.052011946118569,
9.259328627370156,-2.5909587852730738,
9.265781121187139,-1.025183717268078,
9.272233615004122,0.2061408109726699,
9.278686108821104,-0.9480308074631694,
9.285138602638087,-2.709783640654564,
9.29159109645507,-5.536693340145916,
9.298043590272053,-7.176983228681252,
9.304496084089035,-8.59601839524828,
9.310948577906018,-10.78740286469963,
9.317401071723001,-11.416442513040124,
9.323853565539983,-11.187701895278337,
9.330306059356966,-8.186856262685183,
9.336758553173949,-7.198881417234588,
9.343211046990932,-5.240168398576429,
9.349663540807914,-2.0153388102793315,
9.356116034624897,-0.7632196092707773,
9.36256852844188,-0.09726325869689845,
9.369021022258861,-0.8733268920653927,
9.375473516075845,-4.926740693862143,
9.381926009892828,-6.708050725140652,
9.38837850370981,-10.479239481161244,
9.394830997526793,-10.52480642442299,
9.401283491343776,-7.732364152187074,
9.407735985160759,-3.618301101013685,
9.41418847897774,-1.1381722205941287,
9.420640972794724,-2.0571171217698065,
9.427093466611707,-1.4831848153811507,
9.433545960428688,-3.48046463876301,
9.439998454245671,-7.989205328972389,
9.446450948062655,-10.367352731027836,
9.452903441879638,-12.095924992685127,
9.45935593569662,-10.35376720212696,
9.465808429513602,-5.974820260303886,
9.472260923330586,-3.1496610954631024,
9.478713417147567,-1.6501914215458555,
9.48516591096455,-2.038070268979027,
9.491618404781534,-3.929745030571098,
9.498070898598515,-9.860908154393087,
9.504523392415498,-11.85449005095893,
9.510975886232481,-12.021323634264604,
9.517428380049465,-10.320226856310569,
9.523880873866446,-5.571889433515253,
9.53033336768343,-2.623652319308917,
9.536785861500412,-2.47343132520939,
9.543238355317394,-0.8573426669534001,
9.549690849134377,-4.883663195265967,
9.55614334295136,-9.141444416840272,
9.562595836768343,-10.351576937095956,
9.569048330585325,-11.766711663714318,
9.575500824402308,-10.12305516325057,
9.581953318219291,-7.845810644999233,
9.588405812036273,-2.7437497963430815,
9.594858305853256,-1.3407107066135495,
9.60131079967024,-1.3210361632255854,
9.607763293487222,-3.812801932618413,
9.614215787304204,-9.49142016503879,
9.620668281121187,-10.855177040598505,
9.62712077493817,-12.099265034227528,
9.633573268755152,-9.218573864302357,
9.640025762572135,-6.967297223032574,
9.646478256389118,-4.933727331121531,
9.6529307502061,-2.063394203369967,
9.659383244023083,-1.8335462083538232,
9.665835737840066,-6.0042618491719395,
9.672288231657049,-7.183603016637676,
9.67874072547403,-11.142930441286467,
9.685193219291014,-12.719238684210154,
9.691645713107997,-12.192172510257478,
9.698098206924978,-7.011275946920591,
9.704550700741962,-4.5414099442331235,
9.711003194558945,-2.1419096240908857,
9.717455688375928,-2.7936729023925864,
9.72390818219291,-4.256319149591832,
9.730360676009893,-6.680354408746439,
9.736813169826876,-11.005315451286492,
9.743265663643857,-12.061569859434599,
9.74971815746084,-12.148926535536361,
9.756170651277824,-6.881750843340001,
9.762623145094807,-6.167504308491061,
9.769075638911788,-2.1207834085668082,
9.775528132728772,-2.581716249716237,
9.781980626545755,-1.6812875757458414,
9.788433120362736,-5.918030708376705,
9.79488561417972,-9.6280841172196,
9.801338107996703,-10.299776408189928,
9.807790601813684,-9.508321420681682,
9.814243095630667,-9.787249656139693,
9.82069558944765,-6.9740567715431325,
9.827148083264634,-5.612218655614129,
9.833600577081615,-3.5590121455268218,
9.840053070898598,-1.4929584259899684,
9.846505564715581,0.52182317909012,
9.852958058532563,-0.2026039634050676,
9.859410552349546,-0.19931110146956144,
9.86586304616653,0.39157129958164205,
9.872315539983513,-1.9998740593606499,
9.878768033800494,-4.547281865038258,
9.885220527617477,-7.835031301094318,
9.89167302143446,-10.343318977089666,
9.898125515251442,-10.600492455348217,
9.904578009068425,-5.830053449293814,
9.911030502885408,-3.564897172056021,
9.91748299670239,-2.1639065501718733,
9.923935490519373,-1.4631027116156474,
9.930387984336356,-1.8996594181550108,
9.93684047815334,-6.730697784519521,
9.94329297197032,-9.586606933342296,
9.949745465787304,-2.5647793960697527,
9.956197959604287,0.10194945594560068,
9.962650453421269,-4.927560105153702,
9.969102947238252,-6.26257099789575,
9.975555441055235,1.2556926229691499,
9.982007934872218,-1.2222200957141922,
9.9884604286892,-10.499890300646143,
9.994912922506183,-6.884906229207559,
10.001365416323166,-0.7437012544777417,
10.007817910140147,-7.761056801954851,
10.01427040395713,-8.257985822132355,
10.020722897774114,-0.535610201773352,
10.027175391591097,-4.205288363277191,
10.033627885408078,-9.474886467177043,
10.040080379225062,-0.9062472018232484,
10.046532873042045,0.17560660063838895,
10.052985366859026,-7.371588457954999,
10.05943786067601,-3.658194086813296,
10.065890354492993,1.2048861919821547,
10.072342848309974,-5.821876665254308,
10.078795342126957,-5.69639752493697,
10.08524783594394,0.4086023174439788,
10.091700329760924,-4.447326603462898,
10.098152823577905,-8.018261763197529,
10.104605317394888,-0.32202522446289095,
10.111057811211872,-3.438638514965419,
10.117510305028853,-6.485960049936352,
10.123962798845836,0.2543356974740618,
10.13041529266282,-2.6304345844270074,
10.136867786479803,-5.974772754162359,
10.143320280296784,0.919543255162921,
10.149772774113767,-2.8478710256648583,
10.15622526793075,-4.755690299630373,
10.162677761747732,1.622422680648242,
10.169130255564715,-3.895912064266554,
10.175582749381698,-3.485488153987376,
10.18203524319868,3.059290724415064,
10.188487737015663,-5.76725783671975,
10.194940230832646,-0.8319113981170858,
10.20139272464963,3.4064664812445926,
10.20784521846661,-7.184211980226905,
10.214297712283594,-5.121012494030197,
10.220750206100577,3.029729222996025,
10.227202699917559,-8.781344603249295,
10.233655193734542,-1.4423783927924205,
10.240107687551525,-0.638433381427717,
10.246560181368508,-5.461778422392058,
10.25301267518549,2.033330893553398,
10.259465169002473,-6.4806758697737905,
10.265917662819456,-1.1798123985098528,
10.272370156636438,2.1181069756706847,
10.27882265045342,-10.722895796803755,
10.285275144270404,1.1682221804650226,
10.291727638087387,-2.4968624332274203,
10.298180131904369,-4.62464354173494,
10.304632625721352,-0.28553822751507596,
10.311085119538335,-7.854423052680772,
10.317537613355316,-5.155624321946107,
10.3239901071723,2.9973860933754395,
10.330442600989283,0.6868991948359735,
10.336895094806264,-7.3767398373528295,
10.343347588623248,-5.4086800733028895,
10.34980008244023,2.6102922621552125,
10.356252576257214,0.4872127209335986,
10.362705070074195,-7.322366916586702,
10.369157563891179,-5.608816781474502,
10.375610057708162,2.587691670183858,
10.382062551525143,0.00038452512364983704,
10.388515045342126,-7.90357200897779,
10.39496753915911,2.2002540678550986,
10.401420032976093,-9.361641184674681,
10.407872526793074,-5.765951890695874,
10.414325020610057,-3.959863149599073,
10.42077751442704,-4.245881205490491,
10.427230008244022,1.1210865687703517,
10.433682502061005,-9.800028251582603,
10.440134995877989,0.2792506272309083,
10.446587489694972,-8.01813887812557,
10.453039983511953,0.6291344444032347,
10.459492477328936,-8.985350091474857,
10.46594497114592,-3.649191623679485,
10.472397464962901,-4.625416425346884,
10.478849958779884,0.29601921682854027,
10.485302452596867,0.4496690002414425,
10.491754946413849,-4.136314060130303,
10.498207440230832,-4.123207793908136,
10.504659934047815,-8.430048462489708,
10.511112427864798,-1.1965108018979436,
10.51756492168178,-5.041136807508224,
10.524017415498763,0.10356364820086128,
10.530469909315746,-8.377583682200566,
10.536922403132728,-4.476692858012598,
10.543374896949711,-10.040404150658333,
10.549827390766694,-2.2366010447948383,
10.556279884583677,-5.183416829037924,
10.562732378400659,-0.5575699177468323,
10.569184872217642,-7.080326961873993,
10.575637366034625,0.32461892079879817,
10.582089859851607,-4.717311887754818,
10.58854235366859,-0.3072579193163847,
10.594994847485573,-4.578301488521333,
10.601447341302555,0.8872861465267761,
10.607899835119538,1.0245146223079473,
10.614352328936521,1.2619134116936266,
10.620804822753504,0.28111858248337285,
10.627257316570486,-4.345339385534885,
10.633709810387469,-0.43950181643788255,
10.640162304204452,-4.309011984129711,
10.646614798021433,0.9224759503653104,
10.653067291838417,-4.324402846796374,
10.6595197856554,-0.6071223887668111,
10.665972279472383,-0.6000656104878317,
10.672424773289364,-0.9970801681447483,
10.678877267106348,-0.885513672248976,
10.68532976092333,-1.1888023135329604,
10.691782254740312,-0.4357414424022181,
10.698234748557296,-2.9980644897935917,
10.704687242374279,-0.22120410575701044,
10.711139736191262,-1.927774601538772,
10.717592230008243,-3.9551866093628405,
10.724044723825227,-0.7358511854289418,
10.73049721764221,-4.829557505996263,
10.736949711459191,-3.388042854911305,
10.743402205276174,-3.7919057094351274,
10.749854699093158,-6.0101461137396655,
10.756307192910139,-1.4324937198115322,
10.762759686727122,-4.452716401599332,
10.769212180544105,-4.513614430472444,
10.775664674361089,-2.5283957720499757,
10.78211716817807,-3.565973493340607,
10.788569661995053,-1.9268251697000096,
10.795022155812037,-2.709401395625605,
10.801474649629018,-3.0777827243554157,
10.807927143446001,-2.102663015871258,
10.814379637262984,-2.3843049597604704,
10.820832131079968,-2.8467036798457457,
10.827284624896949,-0.59305090951068,
10.833737118713932,-1.0581714666851667,
10.840189612530915,-1.537432205393884,
10.846642106347897,-0.7916488357842582,
10.85309460016488,-1.9138525048757629,
10.859547093981863,-0.4190485733603282,
10.865999587798845,-0.9556840472508839,
10.872452081615828,-0.32159841700502056,
10.878904575432811,0.3582496995378506,
10.885357069249794,-1.1560471397461924,
10.891809563066776,0.9382337174587292,
10.898262056883759,-1.0588723800220805,
10.904714550700742,0.68188095069479,
10.911167044517724,-0.44433144889137566,
10.917619538334707,-1.1422158701076341,
10.92407203215169,0.8321936813882758,
10.930524525968673,-1.153915230251073,
10.936977019785655,-0.738825778250316,
10.943429513602638,-0.6820604826629051,
10.949882007419621,-1.3530733242675979,
10.956334501236602,-1.2620323335221428,
10.962786995053586,-1.456822592140611,
10.969239488870569,0.15771517165956084,
10.975691982687552,-2.3530139866778654,
10.982144476504534,-1.1224561507250428,
10.988596970321517,-1.2084089881517457,
10.9950494641385,-2.5318622007848717,
11.001501957955481,-1.1801904909160612,
11.007954451772465,-0.9699411968564391,
11.014406945589448,-0.9427685932292889,
11.02085943940643,-0.8537002753051866,
11.027311933223412,-2.2790620106645747,
11.033764427040396,-2.3127232408686496,
11.040216920857379,-0.9920317054380803,
11.04666941467436,-2.2823340330188557,
11.053121908491343,-1.297564883123755,
11.059574402308327,-1.441668681918145,
11.066026896125308,-1.2650641166695777,
11.072479389942291,-1.3308965348019228,
11.078931883759275,-1.3149841284410968,
11.085384377576258,-0.884210583345407,
11.09183687139324,-2.222197021103625,
11.098289365210222,-1.9496405895101816,
11.104741859027206,-2.2992325313554147,
11.111194352844187,-2.2277415309321213,
11.11764684666117,-2.241654492262228,
11.124099340478153,-2.165531717513545,
11.130551834295137,-2.158415759029481,
11.137004328112118,-2.078440340103384,
11.143456821929101,-2.055006579704127,
11.149909315746084,-2.045593006806598,
11.156361809563066,-2.1859999403899337,
11.162814303380049,-1.0824669834489669,
11.169266797197032,-2.6097123566020173,
11.175719291014014,-1.7331201677500303,
11.182171784830997,-1.7634726465907988,
11.18862427864798,-1.8710927573712297,
11.195076772464963,-1.7953611404628873,
11.201529266281945,-2.930154205672011,
11.207981760098928,-2.4065259694713177,
11.214434253915911,-2.1638514617450255,
11.220886747732893,-0.5583593568193237,
11.227339241549876,-0.5311722360385147,
11.233791735366859,-1.754017539982101,
11.240244229183842,-1.8333334667089503,
11.246696723000824,-2.2547784546205776,
11.253149216817807,-2.3076219071806463,
11.25960171063479,-1.166203728751043,
11.266054204451772,-2.6268473355945616,
11.272506698268755,-1.339537464372711,
11.278959192085738,-1.3627373952084554,
11.28541168590272,-2.2654836301104524,
11.291864179719703,-2.018773348907871,
11.298316673536686,-2.255347095095999,
11.304769167353669,-2.1543656601644443,
11.31122166117065,-2.1122751492622456,
11.317674154987634,-2.1363645983865354,
11.324126648804617,-2.1738850468581177,
11.330579142621598,-2.101924207703405,
11.337031636438581,-2.0605056183027273,
11.343484130255565,-1.9781157686544475,
11.349936624072548,-1.9675900274135074,
11.35638911788953,-1.9622047815562382,
11.362841611706513,-1.6666254068537683,
11.369294105523496,-1.7070211349561077,
11.375746599340477,-2.0844001784248576,
11.38219909315746,-2.138050581198172,
11.388651586974444,-2.1610978766331073,
11.395104080791427,-2.2405801044391183,
11.401556574608408,-1.1748438385063764,
11.408009068425391,-1.2617242895801155,
11.414461562242375,-1.4474416446111036,
11.420914056059356,-1.513140317606144,
11.42736654987634,-1.5352315430186536,
11.433819043693322,-2.638146875517691,
11.440271537510304,-2.8987285580928983,
11.446724031327287,-1.2416599944800737,
11.45317652514427,-1.2613004558909324,
11.459629018961254,-1.352358357701064,
11.466081512778235,-2.235698011724594,
11.472534006595218,-2.3871186730041245,
11.478986500412201,-5.48123465766389,
11.485438994229183,-7.768269268015274,
11.491891488046166,-7.550193259226603,
11.49834398186315,-3.3048595971366694,
11.504796475680132,0.8242411081095042,
11.511248969497114,2.501900034026221,
11.517701463314097,3.5141836935773654,
11.52415395713108,2.360356201088166,
11.530606450948062,-1.235741750233501,
11.537058944765045,-3.158904385461824,
11.543511438582028,-6.439418398255498,
11.54996393239901,-6.69110746636602,
11.556416426215993,-2.446277212903169,
11.562868920032976,-1.739185164979176,
11.56932141384996,3.1746474240989073,
11.57577390766694,3.929077458399547,
11.582226401483924,3.6137595746372426,
11.588678895300907,-0.5080714474416936,
11.595131389117888,-5.840935483717317,
11.601583882934872,-6.877718787875324,
11.608036376751855,-7.5338774243437,
11.614488870568838,-4.775414172180376,
11.62094136438582,-2.517239762894519,
11.627393858202803,1.3713366958794495,
11.633846352019786,4.061708640591746,
11.640298845836767,4.051884432944121,
11.64675133965375,-0.7910346637075918,
11.653203833470734,-4.3738574777354415,
11.659656327287717,-5.825819903242177,
11.666108821104698,-6.563653621257572,
11.672561314921682,-6.220070655169934,
11.679013808738665,-2.2230418389475517,
11.685466302555646,2.257121151002025,
11.69191879637263,2.690296601968271,
11.698371290189613,2.6393475823173276,
11.704823784006594,-2.521549483861918,
11.711276277823577,-3.455376480105201,
11.71772877164056,-6.803093344988838,
11.724181265457544,-7.355836500402006,
11.730633759274525,-6.464237794909991,
11.737086253091508,-1.9023409234613382,
11.743538746908492,2.7016279656689903,
11.749991240725473,2.2799856168632004,
11.756443734542456,2.206470651890754,
11.76289622835944,-1.4685742975590301,
11.769348722176423,-2.4710088021536194,
11.775801215993404,-6.102515069972583,
11.782253709810387,-6.603384446507562,
11.78870620362737,-5.948526208054318,
11.795158697444352,-1.8180512914628935,
11.801611191261335,1.4410922367959529,
11.808063685078318,3.4963047960631,
11.814516178895301,3.3478129220853816,
11.820968672712283,2.0289233720376387,
11.827421166529266,-4.1849207278719405,
11.83387366034625,-6.787156210114631,
11.84032615416323,-7.5088222535506475,
11.846778647980214,-6.6780400751910065,
11.853231141797197,-3.2665605030372262,
11.859683635614179,-2.061935837040892,
11.866136129431162,-0.23354742346634794,
11.872588623248145,2.634777518541455,
11.879041117065128,3.5210394053731306,
11.88549361088211,3.794308711381518,
11.891946104699093,4.033986529181107,
11.898398598516076,2.596573950951438,
11.904851092333057,0.30395144379269823,
11.91130358615004,-1.943048955700192,
11.917756079967024,-4.5742999789114265,
11.924208573784007,-6.222210200842369,
11.930661067600989,-6.42918888323743,
11.937113561417972,-1.775916587380948,
11.943566055234955,-1.0092149762002691,
11.950018549051936,1.9336419879183495,
11.95647104286892,2.7188725004815524,
11.962923536685903,3.685788269659156,
11.969376030502884,-1.6288282018628024,
11.975828524319867,-5.408879352945291,
11.98228101813685,-6.620784742100454,
11.988733511953834,-7.373556347747012,
11.995186005770815,-6.3941016446857475,
12.001638499587798,-2.09156422098647,
12.008090993404782,2.4485225964820074,
12.014543487221763,3.6065610669629677,
12.020995981038746,3.757086059872904,
12.02744847485573,-1.2125136680928108,
12.033900968672713,-3.358593913500613,
12.040353462489694,-5.704402049600731,
12.046805956306677,-6.463456090126556,
12.05325845012366,-5.196974252042878,
12.059710943940642,-0.8564495274810042,
12.066163437757625,1.060901877610263,
12.072615931574608,3.062685258758279,
12.079068425391592,3.4905895851774176,
12.085520919208573,1.7569652159951374,
12.091973413025556,-1.6850395890309073,
12.09842590684254,-2.871101513145163,
12.104878400659521,-5.7760673777962666,
12.111330894476504,-4.725716608093762,
12.117783388293487,-2.373034829049516,
12.124235882110469,3.3063710536383724,
12.130688375927452,4.38489938369014,
12.137140869744435,4.778826255575609,
12.143593363561418,4.325086896396556,
12.1500458573784,-2.9166074596241742,
12.156498351195383,-4.8591461017330175,
12.162950845012366,4.287596853967557,
12.169403338829348,1.7035027066964403,
12.17585583264633,-3.2202680555755023,
12.182308326463314,-0.6958998444796407,
12.188760820280297,3.593099466355966,
12.195213314097279,-0.5594084034893285,
12.201665807914262,-6.548756130528432,
12.208118301731245,-0.5726002125960576,
12.214570795548227,2.674550125633118,
12.22102328936521,-6.750826138279194,
12.227475783182193,-3.5690622453333845,
12.233928276999174,3.3571964992989933,
12.240380770816158,-3.866331094315342,
12.24683326463314,-6.760563540962835,
12.253285758450124,3.8140600537404907,
12.259738252267105,-2.3910633248123077,
12.266190746084089,-7.701001728459005,
12.272643239901072,1.5773506769504593,
12.279095733718053,3.702668761187738,
12.285548227535037,-6.331109259690834,
12.29200072135202,-0.7290835964088274,
12.298453215169003,1.9203802815964082,
12.304905708985984,-7.130329389137273,
12.311358202802968,-2.0659628494238405,
12.31781069661995,3.3326307757317863,
12.324263190436932,-5.435038880101615,
12.330715684253915,-2.5753440254167117,
12.337168178070899,1.691481576062074,
12.343620671887882,-5.096785133731714,
12.350073165704863,-1.6080390899531949,
12.356525659521846,2.8950300407224177,
12.36297815333883,-5.05123948161156,
12.369430647155811,-7.571169691536056,
12.375883140972794,-0.6184997995493404,
12.382335634789778,3.6271687017895147,
12.388788128606759,0.09276888530234828,
12.395240622423742,-6.323178025787115,
12.401693116240725,-5.798980662864892,
12.408145610057709,0.6395479777697801,
12.41459810387469,3.582298083466071,
12.421050597691673,-2.139787005639846,
12.427503091508656,-8.30075705397769,
12.433955585325638,-4.294244080133922,
12.440408079142621,2.6751999088111234,
12.446860572959604,-4.154017862059732,
12.453313066776587,-8.003723272640855,
12.459765560593569,3.167420143346021,
12.466218054410552,-8.00418033054973,
12.472670548227535,-4.8024560806231875,
12.479123042044517,3.0616598602620115,
12.4855755358615,-8.503762594108707,
12.492028029678483,-1.010584154610001,
12.498480523495465,-1.8412686381335561,
12.504933017312448,-4.378605716002653,
12.511385511129431,2.6140998428751345,
12.517838004946414,-8.418198037140087,
12.524290498763396,2.090721745737369,
12.530742992580379,2.9221548562437647,
12.537195486397362,-7.684291398751725,
12.543647980214343,4.015258827707953,
12.550100474031327,-6.961970240997061,
12.55655296784831,0.3468055322913415,
12.563005461665293,-3.170919807282644,
12.569457955482275,-0.8923115826397634,
12.575910449299258,2.184943028924067,
12.582362943116241,-7.581934017827621,
12.588815436933222,3.2648147414080313,
12.595267930750206,-3.8546736647409716,
12.601720424567189,-0.2557149553261979,
12.608172918384172,1.993057524018127,
12.614625412201153,-8.202833075986177,
12.621077906018137,3.0996349061053934,
12.62753039983512,-5.069220182896515,
12.633982893652101,2.9821572700822117,
12.640435387469084,-6.454059093322712,
12.646887881286068,-3.311217637596201,
12.653340375103049,-0.9669377594990465,
12.659792868920032,-0.7553453927049532,
12.666245362737016,3.6612707228472345,
12.672697856553999,-6.3110957165923764,
12.67915035037098,0.7321578076642936,
12.685602844187963,-7.388344585493883,
12.692055338004947,2.0573404861885365,
12.698507831821928,-8.412961807925399,
12.704960325638911,0.7822401047025096,
12.711412819455894,-6.445861967190126,
12.717865313272878,2.271742744689732,
12.724317807089859,-3.0314180759133933,
12.730770300906842,2.3391516147219136,
12.737222794723825,-7.131198196754099,
12.743675288540807,-0.6998208960538932,
12.75012778235779,-4.37819109457098,
12.756580276174773,3.270311883236559,
12.763032769991757,-2.2733141171823945,
12.769485263808738,0.6531732452006054,
12.775937757625721,-6.489297885751739,
12.782390251442704,-0.14520360216272366,
12.788842745259686,-6.435191647211582,
12.795295239076669,0.9055599245929216,
12.801747732893652,-5.714496882439903,
12.808200226710634,1.5801671661866976,
12.814652720527617,-4.825719785244701,
12.8211052143446,1.5621371211565247,
12.827557708161583,-4.587454466511758,
12.834010201978565,1.8237566038601472,
12.840462695795548,-4.250832144995002,
12.846915189612531,-2.5156368943609095,
12.853367683429513,-3.71512135155956,
12.859820177246496,-4.083570427788118,
12.866272671063479,1.2357367699768247,
12.872725164880462,-3.1989459954910444,
12.879177658697444,-3.299628290730084,
12.885630152514427,-0.42015304118183394,
12.89208264633141,-3.8811825669930613,
12.898535140148391,-2.734318567633295,
12.904987633965375,0.46287282052492174,
12.911440127782358,-4.752680600040662,
12.91789262159934,-2.018858708959101,
12.924345115416322,-1.3450193537817086,
12.930797609233306,-6.1159664296963,
12.937250103050289,-0.8764734596385324,
12.94370259686727,-0.9733317490124591,
12.950155090684254,-5.840844532552524,
12.956607584501237,-2.4210480201717246,
12.963060078318218,0.21166297810600554,
12.969512572135201,-3.7682964891254187,
12.975965065952185,-0.3852971968375414,
12.982417559769168,-5.537407518853456,
12.98887005358615,-1.853114715205379,
12.995322547403132,-1.528339685664605,
13.001775041220116,-3.5477596149740975,
13.008227535037097,-0.6044194600389119,
13.01468002885408,-0.1076762737949366,
13.021132522671063,-2.1190829698105063,
13.027585016488047,0.20772492724449876,
13.034037510305028,-1.8046273867781792,
13.040490004122011,-1.4929868363349215,
13.046942497938995,-1.3024257425855694,
13.053394991755976,-1.7618315497626327,
13.05984748557296,-1.4057584687549252,
13.066299979389942,-1.4501731613437414,
13.072752473206924,-4.309634400819505,
13.079204967023907,-1.935612702277922,
13.08565746084089,-1.1889271961939585,
13.092109954657873,-3.1449985360383153,
13.098562448474855,-4.30807960753873,
13.105014942291838,-1.76711476519597,
13.111467436108821,-2.524732999158118,
13.117919929925803,-3.1192523881769603,
13.124372423742786,-2.361205603895428,
13.130824917559769,-2.6554979326618877,
13.137277411376752,-1.6366104951848683,
13.143729905193734,-0.10063156291982978,
13.150182399010717,-1.0306177406758934,
13.1566348928277,-1.3289433384833274,
13.163087386644682,-1.5760591543564715,
13.169539880461665,-1.6493840203758054,
13.175992374278648,-1.747113573249976,
13.18244486809563,-1.2207181765360247,
13.188897361912613,-2.346614325393489,
13.195349855729596,-3.748156733830001,
13.201802349546579,-3.8661877594184944,
13.20825484336356,-3.7123009196417343,
13.214707337180544,-3.5658245700818725,
13.221159830997527,-3.371613001694186,
13.227612324814508,-2.144310821607519,
13.234064818631492,-2.1129103620388605,
13.240517312448475,-2.088991547849787,
13.246969806265458,-3.27888509939055,
13.25342230008244,-2.06493137132793,
13.259874793899423,-2.248980606961709,
13.266327287716406,-2.2708522746544304,
13.272779781533387,-2.2158215639049104,
13.27923227535037,-2.17999392377601,
13.285684769167354,-2.10255799001402,
13.292137262984337,-2.143604818374115,
13.298589756801318,-2.1456683748248224,
13.305042250618301,-3.4920876845156954,
13.311494744435285,-2.3207967849372153,
13.317947238252266,-3.5237730076338494,
13.32439973206925,-2.380282133198648,
13.330852225886233,-3.9679161786081067,
13.337304719703214,-4.011975756550555,
13.343757213520197,-2.4214670925979362,
13.35020970733718,-3.522406619534081,
13.356662201154164,-3.5434858887118708,
13.363114694971145,-3.5658272526078463,
13.369567188788128,-3.527747045577712,
13.376019682605111,-3.6950878770186364,
13.382472176422093,-3.572108109792566,
13.388924670239076,-3.7454923660781105,
13.39537716405606,-3.7239917706075403,
13.401829657873042,-3.7522493933438454,
13.408282151690024,-3.7277158384302993,
13.414734645507007,-3.6703661490158765,
13.42118713932399,-3.6764328346245065,
13.427639633140972,-3.628782031972264,
13.434092126957955,-3.580084771465522,
13.440544620774938,-3.464683563201902,
13.446997114591921,-3.4801947401550706,
13.453449608408903,-3.454210741054794,
13.459902102225886,-3.4711477117965615,
13.46635459604287,-3.359610164691958,
13.47280708985985,-3.2683605968896927,
13.479259583676834,-3.2492516478301923,
13.485712077493817,-3.312159664756223,
13.492164571310798,-3.3323000927521207,
13.498617065127782,-2.238173130335099,
13.505069558944765,-2.4351928472448208,
13.511522052761748,-2.4718012611748463,
13.51797454657873,-3.9092037289857444,
13.524427040395713,-3.5821680957766375,
13.530879534212696,-3.5629193909306878,
13.537332028029677,-3.540982584169228,
13.54378452184666,-3.5228144891588045,
13.550237015663644,-3.352857451323189,
13.556689509480627,-3.349347535713264,
13.563142003297608,-3.3381037785005674,
13.569594497114592,-3.2560523267294457,
13.576046990931575,-3.250389895099147,
13.582499484748556,-1.8096269450676346,
13.58895197856554,-3.404617101029203,
13.595404472382523,-3.473973943837791,
13.601856966199504,-3.5687916213170183,
13.608309460016487,-3.682198314804623,
13.61476195383347,-3.719409972019207,
13.621214447650454,-3.6781170482571497,
13.627666941467435,-4.0849613323426865,
13.634119435284418,-2.661308121252546,
13.640571929101402,-2.2080568339944193,
13.647024422918383,-2.8137952321944795,
13.653476916735366,-2.5025888204605735,
13.65992941055235,-2.314650511554987,
13.666381904369333,-2.1749130429082015,
13.672834398186314,-1.8089808810603927,
13.679286892003297,-2.2851973224019275,
13.68573938582028,-2.5733766235968005,
13.692191879637262,-6.075036169591272,
13.698644373454245,-7.427286071202047,
13.705096867271228,-4.456805760986413,
13.711549361088212,-2.3234580849753,
13.718001854905193,0.6676496621320211,
13.724454348722176,1.8778334469452602,
13.73090684253916,2.142284004999624,
13.73735933635614,-0.48997826556148993,
13.743811830173124,-1.8836855984271779,
13.750264323990107,-6.322162555368891,
13.756716817807089,-7.735684239960506,
13.763169311624072,-7.3440110886434695,
13.769621805441055,-3.925070758068273,
13.776074299258038,-0.13035386253488923,
13.78252679307502,1.1561337834226606,
13.788979286892003,2.8483048276074214,
13.795431780708986,1.2073888503239232,
13.801884274525968,-1.8536197732522623,
13.80833676834295,-5.8181870417125765,
13.814789262159934,-6.940755508839288,
13.821241755976917,-6.49156123237276,
13.827694249793899,-2.6951414447134994,
13.834146743610882,-0.8578618123211754,
13.840599237427865,2.122605961685508,
13.847051731244846,2.510556266349454,
13.85350422506183,1.8047843201084106,
13.859956718878813,-3.133443695294204,
13.866409212695794,-3.265842801147528,
13.872861706512778,-7.233918112326592,
13.87931420032976,-7.422591909331572,
13.885766694146744,-5.601078617922326,
13.892219187963725,-1.7088114678442707,
13.898671681780709,1.4890160116049174,
13.905124175597692,1.590307494473791,
13.911576669414673,2.8629646406121765,
13.918029163231656,0.7037305289280766,
13.92448165704864,-0.02423359837632688,
13.930934150865623,-2.2088117551941195,
13.937386644682604,-3.697776959495968,
13.943839138499587,-6.220576320553846,
13.95029163231657,-7.184441760159302,
13.956744126133552,-7.525025508759086,
13.963196619950535,-6.952623379827514,
13.969649113767519,-5.6730249726559805,
13.976101607584502,-2.9038955152287826,
13.982554101401483,0.8992239312411812,
13.989006595218466,3.6147064707928394,
13.99545908903545,2.5999899360255085,
14.001911582852431,1.5108497740640132,
14.008364076669414,-2.6628245729297078,
14.014816570486397,-5.5370478841665545,
14.021269064303379,-6.2754929067693865,
14.027721558120362,-5.917153611760682,
14.034174051937345,-0.9029030491645926,
14.040626545754328,1.7232642648740466,
14.04707903957131,3.451387247006892,
14.053531533388293,4.067065630846514,
14.059984027205276,3.5053124414513377,
14.066436521022258,0.2030036287681014,
14.072889014839241,-4.224054347499077,
14.079341508656224,-5.477996914792698,
14.085794002473207,-5.570798312831698,
14.092246496290189,-0.21120965924069424,
14.098698990107172,0.14504801723876426,
14.105151483924155,3.248916013192229,
14.111603977741137,4.823715807440635,
14.11805647155812,2.9897010517311173,
14.124508965375103,-1.5810581547619904,
14.130961459192086,-3.1632514950082395,
14.137413953009068,-5.709441059733649,
14.14386644682605,-5.829094050813978,
14.150318940643034,-4.355691136961809,
14.156771434460016,0.07258005754476926,
14.163223928276999,3.294101079185907,
14.169676422093982,4.97946818818798,
14.176128915910963,3.450922183455532,
14.182581409727947,0.1720949751633043,
14.18903390354493,-2.2951198324630013,
14.195486397361913,-4.643337008085041,
14.201938891178894,-4.7338993090344275,
14.208391384995878,-1.6926800729980869,
14.21484387881286,1.0179770261896692,
14.221296372629842,3.2469680421423845,
14.227748866446825,3.468110656960903,
14.234201360263809,1.8706633082121016,
14.240653854080792,-0.33361147781249656,
14.247106347897773,-4.791826002529319,
14.253558841714757,-7.222492232038462,
14.26001133553174,-7.483326706329535,
14.266463829348721,-5.437004998390307,
14.272916323165704,-0.6754439609809424,
14.279368816982688,2.260468510029,
14.285821310799669,4.21658574343985,
14.292273804616652,2.465542756006357,
14.298726298433635,1.8353772494689338,
14.305178792250619,-2.6594277130246837,
14.3116312860676,-6.106601924867505,
14.318083779884583,-6.659749124989389,
14.324536273701566,-3.2582500547010795,
14.330988767518548,-0.5436001047108903,
14.337441261335531,1.0758068348317238,
14.343893755152514,2.900691631499285,
14.350346248969498,2.057021772130952,
14.356798742786479,1.3572158490201218,
14.363251236603462,-6.236435622147042,
14.369703730420445,-5.897714688533483,
14.376156224237427,4.011377758603203,
14.38260871805441,-2.6563451286652935,
14.389061211871393,-6.801115906078735,
14.395513705688376,1.2907126432024825,
14.401966199505358,1.7874488749122293,
14.408418693322341,-3.3652228820593564,
14.414871187139324,-7.323477969567648,
14.421323680956306,-3.1594648279742614,
14.427776174773289,0.8714814721230368,
14.434228668590272,3.135411880792958,
14.440681162407254,0.944900480145634,
14.447133656224237,-5.5047196722541685,
14.45358615004122,-6.324864497653493,
14.460038643858203,-2.2822271220295534,
14.466491137675185,4.0071591869603935,
14.472943631492168,2.5042573441180593,
14.479396125309151,-1.5814742500572265,
14.485848619126132,-3.7820002591039383,
14.492301112943116,3.2378977202696433,
14.498753606760099,0.9115131237728065,
14.505206100577082,-6.856301990225461,
14.511658594394063,4.0745531530229755,
14.518111088211047,2.918231621629616,
14.52456358202803,-7.4479754517660695,
14.531016075845011,3.12403446663086,
14.537468569661995,3.6985799573442364,
14.543921063478978,-7.289698706361264,
14.55037355729596,2.601842176493392,
14.556826051112942,4.454894122486962,
14.563278544929926,-7.260136327148871,
14.569731038746909,2.4782446849601456,
14.57618353256389,3.1158048275283363,
14.582636026380873,-7.1894456488751075,
14.589088520197857,2.883280068866611,
14.595541014014838,4.855169728188912,
14.601993507831821,-7.129332756430699,
14.608446001648804,4.072114988501767,
14.614898495465788,4.549101179220202,
14.621350989282769,-6.089595396642721,
14.627803483099752,-0.08120929695076029,
14.634255976916736,4.638583058043082,
14.640708470733717,-3.222920410924303,
14.6471609645507,3.1586328051845385,
14.653613458367683,2.85279334779932,
14.660065952184667,-1.4236753153867312,
14.666518446001648,5.690393233263535,
14.672970939818631,-1.309114429360534,
14.679423433635614,1.4374745944841152,
14.685875927452596,6.8385353157151485,
14.692328421269579,-4.827689393657124,
14.698780915086562,4.913925427127197,
14.705233408903544,4.520339658709304,
14.711685902720527,-4.9744477054778145,
14.71813839653751,4.4831128422450774,
14.724590890354493,-1.2387819649936773,
14.731043384171475,-0.19639090621728883,
14.737495877988458,0.5981209805211165,
14.743948371805441,-7.346671501999822,
14.750400865622423,4.078467630911405,
14.756853359439406,-5.599677331756652,
14.763305853256389,-3.1199031687064007,
14.769758347073372,2.7420884603928926,
14.776210840890354,-3.3866831100141326,
14.782663334707337,4.497005872433192,
14.78911582852432,-5.158716261452014,
14.795568322341301,4.449157537313454,
14.802020816158285,2.3333960818785044,
14.808473309975268,-2.624528464905893,
14.814925803792251,1.7800926658925391,
14.821378297609233,-5.744865010642457,
14.827830791426216,3.8340109125009576,
14.834283285243199,-7.570519834529819,
14.84073577906018,-0.787754507059276,
14.847188272877164,-2.5300107860999788,
14.853640766694147,1.1824113476351386,
14.860093260511128,3.2261397679013726,
14.866545754328111,-4.591629561599689,
14.872998248145095,0.7727911040171875,
14.879450741962078,-6.815262446126894,
14.88590323577906,3.246429838137601,
14.892355729596042,-5.507647177739273,
14.898808223413026,2.612037053711788,
14.905260717230007,-5.367947941519219,
14.91171321104699,-1.605426241653845,
14.918165704863974,-1.1748021010137109,
14.924618198680957,-4.749488213509835,
14.931070692497938,3.062047391403553,
14.937523186314921,2.876514969243658,
14.943975680131905,-4.618910846423773,
14.950428173948886,-0.2065999642869656,
14.95688066776587,4.774449227435639,
14.963333161582852,-2.001809101580079,
14.969785655399834,-3.3852645881686385,
14.976238149216817,4.209566116687483,
14.9826906430338,0.9602879117002203,
14.989143136850783,-4.359964311703266,
14.995595630667765,3.2161873111482464,
15.002048124484748,-0.33145470301280966,
15.008500618301731,3.9807898011735006,
15.014953112118713,-2.445879435650795,
15.021405605935696,3.7209485480835838,
15.02785809975268,-4.100454511331122,
15.034310593569662,-0.30948690469949725,
15.040763087386644,-4.556964657541698,
15.047215581203627,1.0203207015196085,
15.05366807502061,1.5601613431920214,
15.060120568837592,2.1094229679129057,
15.066573062654575,0.6026375205607337,
15.073025556471558,-3.9210441262592894,
15.079478050288541,0.365653619698719,
15.085930544105523,-5.2378601095327895,
15.092383037922506,1.1684201773662153,
15.09883553173949,-5.35123856573307,
15.10528802555647,0.8264157851917844,
15.111740519373454,-3.5641037650191265,
15.118193013190437,0.4491189096521566,
15.124645507007418,1.809543879826947,
15.131098000824402,-0.3165803839998489,
15.137550494641385,1.8555884974065293,
15.144002988458368,-2.7379265906529326,
15.15045548227535,0.1287681278894297,
15.156907976092333,-2.22309348213048,
15.163360469909316,-6.237855428485659,
15.169812963726297,-2.8621752490738572,
15.17626545754328,-7.089707824782295,
15.182717951360264,-1.9817467761811258,
15.189170445177247,-7.28741393854898,
15.195622938994228,-6.782257212146874,
15.202075432811212,-4.877826837379757,
15.208527926628195,-8.294318204629121,
15.214980420445176,-6.346003097915286,
15.22143291426216,-5.978016424904581,
15.227885408079143,-6.754667311456046,
15.234337901896124,-4.110623041692975,
15.240790395713107,-4.608566013942323,
15.24724288953009,-4.853627504674591,
15.253695383347074,-2.487736687960364,
15.260147877164055,-3.2348975386834127,
15.266600370981038,-4.818305294366496,
15.273052864798021,-2.6835381556513767,
15.279505358615003,-3.373629732768336,
15.285957852431986,-4.622178742834649,
15.29241034624897,-4.755597498787779,
15.298862840065953,-5.627776873304015,
15.305315333882934,-5.922395645362371,
15.311767827699917,-5.22461964118645,
15.3182203215169,-4.297921624262926,
15.324672815333882,-5.789946171002953,
15.331125309150865,-5.857532440951786,
15.337577802967848,-5.294051496081579,
15.344030296784831,-4.139972280112829,
15.350482790601813,-6.5076169059431095,
15.356935284418796,-5.777687184208048,
15.36338777823578,-4.116317719662902,
15.36984027205276,-5.673085727785747,
15.376292765869744,-7.0822924527506075,
15.382745259686727,-5.946362831638339,
15.389197753503709,-5.284241123141214,
15.395650247320692,-7.181997869358952,
15.402102741137675,-7.577444829970773,
15.408555234954658,-6.878085736084927,
15.41500772877164,-8.373571470648017,
15.421460222588623,-7.487291561846291,
15.427912716405606,-7.47082995655353,
15.434365210222587,-7.6518927407643105,
15.44081770403957,-8.995666271364826,
15.447270197856554,-7.844829671487787,
15.453722691673537,-8.908331746318595,
15.460175185490519,-8.898995937051154,
15.466627679307502,-8.447475481635252,
15.473080173124485,-7.336463142552361,
15.479532666941466,-7.23113667124619,
15.48598516075845,-8.459029393656124,
15.492437654575433,-8.525515812341382,
15.498890148392416,-7.783551549501794,
15.505342642209397,-7.728856249916021,
15.51179513602638,-9.173755066770582,
15.518247629843364,-9.428675607665696,
15.524700123660345,-8.052720194100289,
15.531152617477328,-8.241891674676708,
15.537605111294312,-9.32133649355319,
15.544057605111293,-7.6329158072251175,
15.550510098928276,-8.342835430757304,
15.55696259274526,-8.16534445597813,
15.563415086562243,-7.9109409404771895,
15.569867580379224,-7.5337082106896105,
15.576320074196207,-7.559545054180603,
15.58277256801319,-7.409821262869173,
15.589225061830172,-6.177163916134873,
15.595677555647155,-6.711323947642882,
15.602130049464138,-6.069878240657886,
15.608582543281122,-5.568818257894236,
15.615035037098103,-5.614059478318609,
15.621487530915086,-5.727144204921274,
15.62794002473207,-4.835285132719605,
15.63439251854905,-5.930714588019896,
15.640845012366034,-6.147010197432678,
15.647297506183017,-7.508752820450582,
