Second,Volt
4.309199218750001,0.5726666021115534
4.412723524305556,0.6199926227795913
4.645653211805556,-1.7624824193810582
4.762118055555556,0.7470371545804255
4.846231553819445,1.0764303674196751
4.885053168402778,0.6035207317102049
4.8915234375,0.8791907734084816
4.982107204861111,-0.8762415705858757
5.00798828125,0.2812372449451459
5.014458550347222,-0.147706891915277
5.027399088541667,-1.4902800755221506
5.033869357638889,-1.2584259525381185
5.040339626736111,-1.480353733700781
5.046809895833333,-1.07466886138684
5.053280164930556,-1.0714592434439965
5.059750434027778,-1.406578860231889
5.066220703125,-1.2421633880794616
5.072690972222222,-1.100976134649727
5.0791612413194445,-1.248283589194898
5.085631510416667,-0.9993118691271548
5.092101779513889,-0.9761295768081482
5.098572048611112,-0.9903766409474885
5.1050423177083335,-0.5685726135506002
5.111512586805556,-0.5949594971456236
5.1179828559027785,-0.7115886906547075
5.1244531250000005,-0.6881023085221614
5.130923394097223,-0.6101296833605829
5.137393663194445,-0.7375226068015763
5.143863932291668,-0.9491889159697848
5.1503342013888895,-1.3570767912544852
5.156804470486112,-1.347271903502815
5.163274739583334,-1.0935025263431726
5.169745008680556,-0.86507822324279
5.176215277777779,-0.7541546508994088
5.182685546875001,-0.7408333345771325
5.189155815972223,-0.4655307870273191
5.195626085069445,-0.381999644479265
5.202096354166667,-0.324618402566557
5.20856662326389,-0.2304794048544636
5.215036892361112,-0.4190713444727407
5.221507161458334,-0.6062337945918443
5.227977430555556,-0.5522826995919559
5.234447699652779,-0.5620969590511322
5.240917968750001,-0.5754767322316638
5.247388237847223,-0.4682666187868562
5.253858506944445,-0.2484095643326327
5.260328776041667,-0.2246254798494646
5.26679904513889,-0.2045988228317128
5.273269314236112,-0.0603585361725436
5.279739583333334,-0.0097966860396354
5.286209852430556,0.0243420927108672
5.292680121527778,0.068512005450998
5.299150390625001,0.0787469946660621
5.305620659722223,0.0071986801301591
5.312090928819445,-0.06262714312777
5.318561197916667,-0.2709315788740696
5.325031467013889,-0.3515591630200561
5.331501736111112,-0.420908612567473
5.337972005208334,-0.5118539909807396
5.344442274305556,-0.5653726135506076
5.350912543402778,-0.5817760312332894
5.357382812500001,-0.6019808299363376
5.363853081597223,-0.5687407421819444
5.370323350694445,-0.337229218246307
5.376793619791667,-0.0698934849626766
5.383263888888889,-0.003043868625923
5.389734157986112,0.1113182548222084
5.396204427083334,0.1213313065354668
5.402674696180556,0.1548951309338235
5.409144965277778,0.1313451548635384
5.415615234375,0.043997287539355
5.422085503472223,-0.3376130344380499
5.428555772569445,-0.3569435948006685
5.435026041666667,-0.400860245900617
5.441496310763889,-0.4110832949579617
5.447966579861111,-0.3639951801877714
5.454436848958334,-0.2025727889586051
5.460907118055556,-0.1226058847871627
5.467377387152778,-0.1125451802197403
5.47384765625,0.007702298228537
5.480317925347222,0.0475407708214561
5.486788194444445,-0.0832194120170015
5.493258463541667,-0.2103213262986401
5.499728732638889,-0.2634247929628373
5.506199001736111,-0.2901931282091254
5.551490885416667,0.3284904347879092
5.758539496527779,0.1221931468960519
5.816771918402778,0.5853182140394892
5.875004340277778,0.4751187854934642
5.997939453125,0.4113705024066121
6.049701605902778,0.3782033173641821
6.075582682291667,0.8072701913035871
6.217928602430556,0.777603265353946
7.123766276041668,-0.34599412556895
7.181998697916668,-0.3351157129905004
7.214350043402779,0.3785214839041373
7.227290581597223,0.3866006746068251
7.240231119791667,0.6105160016226137
7.24670138888889,1.1011274480233624
7.266112196180556,0.8576788896215248
7.272582465277779,1.3458418635083262
7.279052734375001,1.3541501094493924
7.285523003472223,1.7199608831141404
7.291993272569445,1.6163847933239597
7.298463541666667,1.3075817031924544
7.30493381076389,1.5671569687647209
7.311404079861112,1.7312907799170034
7.317874348958334,1.2674798909968104
7.324344618055556,1.2831684357325912
7.330814887152778,1.2806241776303295
7.337285156250001,1.379573548477424
7.343755425347223,1.448979766504749
7.350225694444445,1.3763132438250525
7.356695963541667,1.4766664286296418
7.363166232638889,1.6402815853793982
7.369636501736112,1.7148902494325284
7.376106770833334,1.7246581283233129
7.382577039930556,1.6436422266300497
7.389047309027778,1.715477370139297
7.395517578125001,1.7654724878907473
7.401987847222223,1.758664738128573
7.408458116319445,1.751790623724105
7.414928385416667,1.6321465975165663
7.421398654513889,1.7145966890791442
7.427868923611112,1.7448234594812675
7.434339192708334,1.7743367613265946
7.440809461805556,1.7954978552087368
7.447279730902778,1.77560471285085
7.45375,1.829870547889868
7.460220269097223,1.960624534481667
7.466690538194445,1.899941189251081
7.473160807291667,1.785764444028814
7.479631076388889,1.7449702572872638
7.486101345486111,1.7954311155733649
7.492571614583334,1.7652456003869474
7.499041883680556,1.798822587463519
7.505512152777778,1.8292030624411384
7.511982421875,1.8461124433433724
7.5184526909722225,1.853071751788434
7.524922960069445,1.8504264747566597
7.531393229166667,1.863998740769489
7.5378634982638895,1.743034841604981
7.544333767361111,1.7215622099004122
7.550804036458334,1.6711176036651525
7.557274305555556,1.692408448326205
7.563744574652778,1.6534720610961813
7.57021484375,1.62648096445173
7.576685112847223,1.606108044189341
7.583155381944445,1.5925368001595643
7.5896256510416675,1.5520184437784792
7.59609592013889,1.5385063170006106
7.602566189236112,1.5485536010362466
7.609036458333334,1.599428940556777
7.615506727430557,1.6831634964798925
7.621976996527779,1.7698241006950184
7.628447265625001,1.802254194744592
7.634917534722223,1.7480267410156785
7.641387803819445,1.7214554578321213
7.647858072916668,1.7621086060179325
7.65432834201389,1.7264329051417917
7.660798611111112,1.6695706349623831
7.667268880208334,1.6459633717282711
7.673739149305557,1.6359483209644168
7.680209418402779,1.6998797514319222
7.686679687500001,1.7133023978823303
7.693149956597223,1.6763335305813598
7.699620225694445,1.6729453669897794
7.706090494791668,1.7302228368371289
7.71256076388889,1.699065842936534
7.719031032986112,1.655445606194121
7.725501302083334,1.1517332228479518
7.783733723958334,1.4008402526369537
7.964901258680556,1.040389332657128
7.990782335069445,0.9016506929731348
8.023133680555556,1.167757850868952
8.288414713541668,1.449416082797029
8.314295789930556,1.6437365771088253
8.346647135416667,1.361682492749992
8.372528211805557,1.5740096809798845
8.514874131944445,0.9826801862077446
8.521344401041667,1.1515985299514568
8.58604709201389,1.1621251637200205
8.605457899305556,0.8561820598897611
9.207192925347224,1.0686771900682288
9.226603732638887,0.5607846670945946
9.246014539930556,1.2015878570841778
9.258955078125,0.8009651485290306
9.265425347222225,1.2051975460634594
9.271895616319446,1.8442819993472312
9.291306423611111,1.1764699982471711
9.297776692708334,0.6122654861840147
9.3171875,1.184967358416543
9.330128038194443,1.5886457876289342
9.336598307291668,1.6513793769574932
9.854219835069443,1.9509008838385853
9.860690104166668,1.705069321248061
9.86716037326389,1.2453345128602678
9.873630642361112,0.8217757811066804
9.880100911458332,0.6689181662117107
9.886571180555556,0.5036420867932065
9.89304144965278,0.5581621007279409
9.89951171875,0.8306196777127752
9.905981987847223,0.9081199308006944
9.912452256944446,0.8587313404821089
