time_s,position_px,label,peak_to_peak_px
0.03333333333333333,1.065986103276714,top,
0.06666666666666667,-0.6326346579478468,bottom,1.6986207612245607
0.16666666666666666,1.519399366726816,top,2.1520340246746628
0.9,-2.5806298906524034,bottom,4.100029257379219
0.9333333333333333,3.0609213688163663,top,5.64155125946877
0.9666666666666667,-2.311239492998766,bottom,5.372160861815132
1.0,3.25007453032822,top,5.561314023326986
1.0333333333333334,-2.6764152117493722,bottom,5.926489742077592
1.0666666666666667,3.3837280492914488,top,6.060143261040821
1.1,-2.335069455874418,bottom,5.718797505165867
1.1333333333333333,1.6776423606218032,top,4.012711816496221
1.1666666666666667,-0.17413843826614084,bottom,1.851780798887944
1.2333333333333334,1.3375895138818805,top,1.5117279521480214
1.2666666666666666,-0.6001396482384962,bottom,1.9377291621203767
1.3,0.7534602034043019,top,1.353599851642798
1.3333333333333333,-0.5078035793409299,bottom,1.2612637827452318
1.3666666666666667,3.5119289150552504,top,4.01973249439618
1.4,-1.8896382801443679,bottom,5.401567195199618
1.4333333333333333,3.276250991214056,top,5.165889271358424
1.4666666666666666,-2.3913188121202893,bottom,5.667569803334345
1.5,3.231455311169384,top,5.622774123289673
1.5333333333333334,-2.6986296393473594,bottom,5.9300849505167434
1.5666666666666667,3.4151496367362597,top,6.113779276083619
1.6,-2.020924532520553,bottom,5.436074169256813
1.6666666666666667,1.3252260626845782,top,3.346150595205131
1.7,-2.074207905411413,bottom,3.399433968095991
1.7333333333333334,1.2638404486473291,top,3.338048354058742
1.7666666666666666,-2.9625153325492875,bottom,4.226355781196617
1.8666666666666667,0.5885533245836996,top,3.551068657132987
1.9333333333333333,-3.407695585764486,bottom,3.9962489103481857
2.033333333333333,2.498496674216085,top,5.906192259980571
2.1,-2.2641038392658857,bottom,4.762600513481971
2.1333333333333333,2.3170696508165065,top,4.581173490082392
2.1666666666666665,-2.734951939244411,bottom,5.052021590060917
2.2333333333333334,-0.053326161019640494,top,2.6816257782247703
2.3,-2.7417626699469793,bottom,2.6884365089273388
2.3333333333333335,2.2591421523748068,top,5.000904822321786
2.4,-0.27493461123378893,bottom,2.5340767636085957
2.466666666666667,1.5784445444307948,top,1.8533791556645838
2.5,-2.316738798180495,bottom,3.89518334261129
2.566666666666667,1.309306957271474,top,3.626045755451969
2.6,-2.1385220199410924,bottom,3.4478289772125663
2.7,1.7575691668866966,top,3.896091186827789
2.8,-0.5134859824661362,bottom,2.271055149352833
2.8666666666666667,0.8487850363466123,top,1.3622710188127485
2.9,-1.7221644598362218,bottom,2.570949496182834
2.933333333333333,1.7396956090487947,top,3.4618600688850165
2.966666666666667,-0.963625862711865,bottom,2.7033214717606597
3.1,1.520125476109115,top,2.48375133882098
3.1333333333333333,-0.4246002745669557,bottom,1.9447257506760707
3.1666666666666665,1.2673952052200548,top,1.6919954797870105
3.2,-1.3105325422417309,bottom,2.5779277474617857
3.3333333333333335,1.036809779152577,top,2.347342321394308
3.5,-1.1891283296519077,bottom,2.2259381088044847
3.566666666666667,1.0003326140119952,top,2.189460943663903
3.7333333333333334,-1.1131665273579756,bottom,2.113499141369971
3.7666666666666666,0.9804069985293609,top,2.0935735258873365
3.8666666666666667,-1.0471910453718465,bottom,2.0275980439012073
3.933333333333333,0.6267740832626032,top,1.6739651286344497
4.0,-0.8830223131324146,bottom,1.5097963963950178
4.066666666666666,0.7301536130370323,top,1.613175926169447
4.1,-0.903891378270032,bottom,1.6340449913070643
4.2,0.5583034126725579,top,1.4621947909425899
4.233333333333333,-0.8733262940245368,bottom,1.4316297066970947
5.0,0.8527877621182824,top,1.7261140561428192
6.833333333333333,-3.663527956427288,bottom,4.51631571854557
6.933333333333334,1.9433952327136694,top,5.606923189140957
7.1,-3.5226663478320006,bottom,5.46606158054567
7.2,2.213509331074647,top,5.736175678906648
7.333333333333333,-3.265881143234651,bottom,5.479390474309298
7.466666666666667,1.9570379659282935,top,5.2229191091629446
7.566666666666666,-3.2402994085173304,bottom,5.197337374445624
7.7,1.9213588220792417,top,5.161658230596572
7.833333333333333,-3.58890038112861,bottom,5.510259203207852
7.966666666666667,1.8739155819289408,top,5.462815963057551
8.066666666666666,-3.087572407014818,bottom,4.961487988943759
8.2,1.8085187498638788,top,4.896091156878697
8.333333333333334,-2.610609119684,bottom,4.419127869547879
8.466666666666667,2.266164891715789,top,4.876774011399789
8.6,-2.999411081975154,bottom,5.265575973690943
8.7,2.246717188533694,top,5.246128270508848
8.833333333333334,-2.877889487139555,bottom,5.124606675673249
8.966666666666667,2.191007864254857,top,5.068897351394412
9.1,-3.187612146006927,bottom,5.378620010261784
9.233333333333333,2.4131546953273073,top,5.600766841334234
9.3,-3.2021028870549344,bottom,5.615257582382242
9.466666666666667,2.9780625523716253,top,6.18016543942656
9.533333333333333,-2.489890692635754,bottom,5.467953245007379
9.566666666666666,2.369925559946978,top,4.859816252582732
9.633333333333333,-2.339042391281737,bottom,4.708967951228715
9.666666666666666,-0.8042847770898334,top,1.5347576141919035
9.7,-2.2323743316702576,bottom,1.4280895545804242
9.766666666666667,2.82838693285521,top,5.060761264525468
9.833333333333334,-3.1155599958588027,bottom,5.943946928714013
9.866666666666667,1.685978011315683,top,4.801538007174486
9.9,-3.8673199272375314,bottom,5.553297938553214
9.966666666666667,1.6762328041112369,top,5.543552731348768
10.0,-3.112642677244139,bottom,4.788875481355376
10.033333333333333,1.6483731771174917,top,4.761015854361631
10.1,-2.399083226850621,bottom,4.047456403968113
10.133333333333333,2.006466982479651,top,4.405550209330272
10.166666666666666,-4.006598651262607,bottom,6.013065633742258
10.2,0.7233565609877814,top,4.729955212250388
10.266666666666667,-3.506185952655869,bottom,4.229542513643651
10.3,1.1409453261007911,top,4.64713127875666
10.333333333333334,-3.931446887283755,bottom,5.072392213384546
10.4,2.320945581280398,top,6.252392468564153
10.433333333333334,-3.685833687274908,bottom,6.006779268555306
10.466666666666667,2.0726554285575958,top,5.758489115832504
10.5,-3.4037362587947655,bottom,5.476391687352361
10.533333333333333,2.2488484138536933,top,5.652584672648459
10.6,-3.2039947493585714,bottom,5.452843163212265
10.633333333333333,0.2509304952932325,top,3.454925244651804
10.666666666666666,-2.132569213128704,bottom,2.3834997084219367
10.7,2.598109089649597,top,4.730678302778301
10.8,-2.9496811939870895,bottom,5.547790283636687
10.833333333333334,1.832956386634578,top,4.782637580621667
10.9,-3.1703400088606486,bottom,5.0032963954952265
11.0,1.196417979435978,top,4.3667579882966265
11.033333333333333,-3.0983101767952803,bottom,4.294728156231258
11.066666666666666,1.0782172877628682,top,4.1765274645581485
11.1,-1.9089248855117376,bottom,2.9871421732746057
11.133333333333333,1.2870425414503188,top,3.1959674269620564
11.166666666666666,-1.732408293165804,bottom,3.019450834616123
11.2,1.1614800155214198,top,2.893888308687224
11.233333333333333,-1.5139936446112188,bottom,2.6754736601326385
11.266666666666667,0.8993837719531257,top,2.4133774165643445
11.3,-1.480237209344864,bottom,2.3796209812979896
11.333333333333334,1.564540101204102,top,3.044777310548966
11.366666666666667,-1.7955904666530387,bottom,3.3601305678571407
11.4,0.08662597348313739,top,1.882216440136176
11.533333333333333,-2.3094546116033143,bottom,2.3960805850864517
11.566666666666666,1.1803184959746886,top,3.489773107578003
11.6,-2.2708984513121777,bottom,3.4512169472868663
11.7,0.09073001829449368,top,2.3616284696066714
11.8,-1.4317754513314185,bottom,1.5225054696259122
11.866666666666667,0.5695398923589892,top,2.0013153436904076
11.9,-0.767374566835997,bottom,1.3369144591949862
11.933333333333334,1.3720862337519293,top,2.1394608005879263
12.0,-1.6478396378322486,bottom,3.019925871584178
12.033333333333333,0.43003474708234535,top,2.077874384914594
12.1,-1.435757598495229,bottom,1.8657923455775745
12.133333333333333,1.0374056134864986,top,2.4731632119817277
12.166666666666666,-0.8166270114653571,bottom,1.8540326249518557
12.233333333333333,0.722340032741613,top,1.53896704420697
12.266666666666667,-2.3483306894372618,bottom,3.0706707221788747
12.333333333333334,0.5750386312570299,top,2.9233693206942917
12.366666666666667,-1.1407186139128953,bottom,1.7157572451699252
12.533333333333333,0.8533692693656576,top,1.994087883278553
12.6,-0.606826066040071,bottom,1.4601953354057287
12.633333333333333,0.8056974078530175,top,1.4125234738930885
13.166666666666666,-0.8349015484786833,bottom,1.6405989563317007
13.233333333333333,0.5697624388808435,top,1.4046639873595268
13.4,-0.6957764255492975,bottom,1.265538864430141
13.966666666666667,0.5476704909027603,top,1.2434469164520578
15.666666666666666,-3.387351831054957,bottom,3.9350223219577174
15.866666666666667,19.611445808513736,top,22.998797639568693
15.966666666666667,-3.4178934196696673,bottom,23.029339228183403
16.1,2.8499225695113637,top,6.267815989181031
16.2,-3.457864585574953,bottom,6.3077871550863165
16.333333333333332,2.5365201165863027,top,5.9943847021612555
16.466666666666665,-2.461596139174503,bottom,4.998116255760806
16.6,2.5078751265344863,top,4.9694712657089894
16.733333333333334,-2.787002642325774,bottom,5.29487776886026
16.866666666666667,2.418536675387031,top,5.205539317712805
16.966666666666665,-3.0832998275847103,bottom,5.5018365029717415
17.1,2.1816181905264784,top,5.264918018111189
17.2,-2.7849678120130648,bottom,4.966586002539543
17.333333333333332,2.7291205414950355,top,5.5140883535081
17.466666666666665,-3.1052340523140174,bottom,5.834354593809053
17.6,2.7855936270502752,top,5.890827679364293
17.7,-2.586675920226071,bottom,5.372269547276346
17.833333333333332,2.7386824559657725,top,5.3253583761918435
17.966666666666665,-2.414159519070381,bottom,5.152841975036154
18.1,2.9668948818384706,top,5.381054400908852
18.2,-2.6136687299083405,bottom,5.580563611746811
18.333333333333332,2.8948718477249713,top,5.508540577633312
18.4,-2.496048959169798,bottom,5.390920806894769
18.466666666666665,-0.1785943105566048,top,2.317454648613193
18.5,-2.9294083224430096,bottom,2.750814011886405
18.566666666666666,1.6745517817034852,top,4.603960104146495
18.6,-2.7955433139575234,bottom,4.470095095661009
18.633333333333333,3.0048523088519232,top,5.800395622809447
18.7,-2.907913039418304,bottom,5.912765348270227
18.733333333333334,2.140262171586528,top,5.048175211004832
18.766666666666666,-3.1202869852005506,bottom,5.260549156787079
18.833333333333332,0.8956455913959189,top,4.0159325765964695
18.866666666666667,-1.5461551065506,bottom,2.441800697946519
18.9,0.9944415558995843,top,2.5405966624501843
18.966666666666665,-2.8508438884385896,bottom,3.845285444338174
19.0,-0.17889515928754918,top,2.6719487291510404
19.033333333333335,-3.159126135071915,bottom,2.980230975784366
19.1,2.478999192332708,top,5.638125327404623
19.133333333333333,-2.205083613394663,bottom,4.684082805727371
19.166666666666668,-1.0138790951349392,top,1.191204518259724
19.2,-2.5036943336600643,bottom,1.489815238525125
19.266666666666666,0.9557306967070645,top,3.459425030367129
19.3,-3.109430598118024,bottom,4.065161294825089
19.333333333333332,2.701923984987502,top,5.811354583105526
19.366666666666667,-2.849692932904304,bottom,5.551616917891806
19.433333333333334,2.7027056183203513,top,5.552398551224655
19.466666666666665,-3.445472270673008,bottom,6.148177888993359
19.5,1.5237400344792604,top,4.9692123051522685
19.533333333333335,-3.4012037835611864,bottom,4.924943818040447
19.633333333333333,1.1149394795174885,top,4.516143263078675
19.666666666666668,-1.095378844247989,bottom,2.2103183237654775
19.733333333333334,2.1004804599847375,top,3.1958593042327266
19.766666666666666,-3.223888713418546,bottom,5.324369173403284
19.8,1.8583074384170004,top,5.0821961518355465
19.833333333333332,-2.1382116745651274,bottom,3.996519112982128
19.866666666666667,1.8193890778791229,top,3.9576007524442502
19.9,-1.4999685196042947,bottom,3.3193575974834175
19.933333333333334,0.4499893852287187,top,1.9499579048330133
19.966666666666665,-3.0065646182529235,bottom,3.456554003481642
20.0,2.0474228154820366,top,5.05398743373496
20.033333333333335,-2.5809805494114926,bottom,4.628403364893529
20.066666666666666,-0.16334857206857123,top,2.4176319773429213
20.1,-2.330554567011859,bottom,2.167205994943288
20.133333333333333,1.8589395910214535,top,4.1894941580333125
20.166666666666668,-2.5398218993091177,bottom,4.398761490330571
20.266666666666666,1.5069200549139623,top,4.04674195422308
20.3,-1.6736395686320975,bottom,3.18055962354606
20.333333333333332,0.9601161912971747,top,2.6337557599292722
20.366666666666667,-0.8050745278170552,bottom,1.76519071911423
20.4,0.377107132169499,top,1.1821816599865542
20.466666666666665,-0.8960960292320124,bottom,1.2732031614015114
20.5,1.2247761326841555,top,2.120872161916168
20.533333333333335,-2.3273968929906914,bottom,3.552173025674847
20.633333333333333,1.034265668506123,top,3.3616625614968143
20.766666666666666,-1.1517286848468302,bottom,2.185994353352953
20.8,1.2755483651411623,top,2.4272770499879925
20.833333333333332,-0.12775143675867184,bottom,1.4032998018998342
20.866666666666667,1.2255635089848056,top,1.3533149457434774
20.933333333333334,-1.151349327523235,bottom,2.3769128365080405
21.033333333333335,1.264282721798736,top,2.415632049321971
21.133333333333333,-1.290020790771905,bottom,2.554303512570641
21.366666666666667,0.8283368072989106,top,2.1183575980708156
21.433333333333334,-0.7130468375573855,bottom,1.541383644856296
21.6,0.6720764612397261,top,1.3851232987971116
21.633333333333333,-0.6548621204054825,bottom,1.3269385816452086
21.733333333333334,0.6129138068065458,top,1.2677759272120284
21.766666666666666,-0.7538945472208525,bottom,1.3668083540273983
22.2,0.835428797006216,top,1.5893233442270684
22.4,-0.4338977573224838,bottom,1.2693265543286998
22.766666666666666,0.8833753988590161,top,1.3172731561814999
24.533333333333335,-3.0669469152906004,bottom,3.9503223141496164
24.8,-0.2771211731027279,top,2.7898257421878725
24.833333333333332,-2.9953477060928435,bottom,2.7182265329901156
25.0,2.205986585022629,top,5.201334291115472
25.1,-2.6552004898219366,bottom,4.861187074844565
25.2,2.6244503381799404,top,5.279650828001877
25.333333333333332,-2.300525293782698,bottom,4.9249756319626385
25.466666666666665,2.8138690413150016,top,5.1143943350977
25.6,-2.4985301317601625,bottom,5.312399173075164
25.733333333333334,3.0981878149175373,top,5.5967179466777
25.833333333333332,-2.358314972418384,bottom,5.456502787335921
25.966666666666665,3.254434266528847,top,5.612749238947231
26.066666666666666,-2.9349678106960937,bottom,6.1894020772249405
26.2,2.9995289660964772,top,5.934496776792571
26.333333333333332,-2.5910808132416605,bottom,5.590609779338138
26.466666666666665,3.2325106878207635,top,5.823591501062424
26.566666666666666,-2.3681558641393394,bottom,5.600666551960103
26.7,3.167973769736818,top,5.536129633876158
26.833333333333332,-2.2527035710547807,bottom,5.420677340791599
26.966666666666665,3.555660350429207,top,5.808363921483988
27.1,-2.359693063368695,bottom,5.915353413797902
27.233333333333334,3.359404498824233,top,5.719097562192928
27.266666666666666,-1.777006706035536,bottom,5.136411204859769
27.333333333333332,1.4483642538314143,top,3.22537095986695
27.4,-1.5883118075026914,bottom,3.0366760613341057
27.433333333333334,1.0411089499932586,top,2.62942075749595
27.466666666666665,-2.1475135067159954,bottom,3.188622456709254
27.5,1.5968001435163615,top,3.744313650232357
27.566666666666666,-2.660191635692968,bottom,4.256991779209329
27.633333333333333,3.08666338774583,top,5.746855023438798
27.666666666666668,-2.7505587066752923,bottom,5.837222094421122
27.7,3.08246866382774,top,5.833027370503032
27.766666666666666,-2.506525362600428,bottom,5.588994026428168
27.8,1.9218519565772567,top,4.4283773191776845
27.833333333333332,-3.1938282696434044,bottom,5.115680226220661
27.9,2.769547139536826,top,5.96337540918023
27.933333333333334,-3.3740176134555213,bottom,6.143564752992347
27.966666666666665,3.4908265838992065,top,6.864844197354728
28.0,-3.0019537576188213,bottom,6.492780341518028
28.066666666666666,3.295333960401422,top,6.297287718020243
28.1,-2.557480185542545,bottom,5.852814145943967
28.133333333333333,3.292904741349844,top,5.850384926892389
28.166666666666668,-2.9890677978348776,bottom,6.281972539184721
28.3,1.4436021917682638,top,4.432669989603141
28.333333333333332,-1.9076330724794843,bottom,3.351235264247748
28.366666666666667,-0.3719084797121468,top,1.5357245927673375
28.4,-2.930251972664223,bottom,2.5583434929520763
28.433333333333334,1.1302882923916968,top,4.06054026505592
28.466666666666665,-0.8496276657024282,bottom,1.979915958094125
28.533333333333335,0.8953829626885863,top,1.7450106283910145
28.566666666666666,-1.8971196083159612,bottom,2.7925025710045475
28.6,1.534329112478531,top,3.431448720794492
28.633333333333333,-2.456346548698207,bottom,3.9906756611767378
28.666666666666668,1.0409798076894958,top,3.4973263563877026
28.7,-0.21456866600738067,bottom,1.2555484736968765
28.733333333333334,2.791029741107309,top,3.0055984071146895
28.766666666666666,-2.7035877722937585,bottom,5.494617513401067
28.8,2.457716210237777,top,5.161303982531535
28.9,-1.8398460693372272,bottom,4.297562279575004
28.933333333333334,1.3992620350754805,top,3.2391081044127077
28.966666666666665,-1.4502609968928937,bottom,2.849523031968374
29.066666666666666,1.5150339831362771,top,2.965294980029171
29.1,-2.217979849202834,bottom,3.733013832339111
29.133333333333333,1.5057373460991812,top,3.723717195302015
29.233333333333334,-1.8206070606615867,bottom,3.326344406760768
29.266666666666666,1.5778879014883387,top,3.3984949621499254
29.3,-1.222095343830233,bottom,2.799983245318572
29.333333333333332,1.533418554991954,top,2.755513898822187
29.366666666666667,-1.7625980720840744,bottom,3.2960166270760283
29.466666666666665,1.1854874350896125,top,2.948085507173687
29.533333333333335,-0.4933849990075032,bottom,1.6788724340971157
29.566666666666666,0.86204490329294,top,1.3554299023004432
29.6,-1.644377995641662,bottom,2.506422898934602
29.633333333333333,2.1530552353860912,top,3.797433231027753
29.666666666666668,-0.7833192719886028,bottom,2.936374507374694
29.733333333333334,0.8790447858453945,top,1.6623640578339973
29.866666666666667,-0.5401610924021725,bottom,1.419205878247567
29.966666666666665,1.7739533020728686,top,2.314114394475041
30.033333333333335,-1.4202762645020357,bottom,3.1942295665749043
30.066666666666666,0.638209462427767,top,2.0584857269298027
30.1,-0.6283387121951591,bottom,1.2665481746229261
30.166666666666668,0.7169238806200156,top,1.3452625928151747
30.2,-0.9631341760882606,bottom,1.6800580567082761
30.3,1.404397728413528,top,2.3675319045017886
30.633333333333333,0.07080762413272623,bottom,1.3335901042808018
30.8,1.2650803455219375,top,1.1942727213892113
31.233333333333334,-2.352194959279359,bottom,3.6172753048012964
31.266666666666666,1.821540459208336,top,4.173735418487695
31.3,-0.5303526092483253,bottom,2.3518930684566612
31.433333333333334,1.197132219579089,top,1.7274848288274143
31.466666666666665,-0.08665012733399635,bottom,1.2837823469130853
31.5,2.2242153253260994,top,2.310865452660096
31.533333333333335,-1.631621301727705,bottom,3.8558366270538045
31.566666666666666,3.7242864062216086,top,5.355907707949314
31.6,-1.8237496858469058,bottom,5.548036092068514
31.633333333333333,3.767346733273939,top,5.591096419120845
31.666666666666668,-2.3984527270716853,bottom,6.1657994603456245
31.7,3.0965168661210782,top,5.494969593192764
31.733333333333334,-1.910138384462698,bottom,5.006655250583776
31.766666666666666,1.9117795786715988,top,3.8219179631342968
31.8,-0.38084289480673306,bottom,2.292622473478332
31.866666666666667,0.8431048797551739,top,1.223947774561907
31.9,-0.9907197038075992,bottom,1.8338245835627731
31.966666666666665,2.7507388709047973,top,3.7414585747123965
32.0,-2.1299281687503253,bottom,4.880667039655123
32.03333333333333,3.9538528398192057,top,6.083781008569531
32.1,-1.7720232046029878,bottom,5.7258760444221934
32.13333333333333,3.895473301991615,top,5.667496506594603
32.2,-1.5558155057071872,bottom,5.451288807698802
